route_id,bbox_north,bbox_south,bbox_east,bbox_west
RouteID_47805220-642f-4293-bc20-bf3a1c4f5b24,33.688122,33.574869,-117.731247,-117.847178
RouteID_47ab2d15-2eaf-4a78-ab56-65a65586d629,33.965477,33.814464,-117.653303,-117.891549
RouteID_47c9ed8a-a4e7-42ca-8358-236fd06e9f59,33.688122,33.572422,-117.592567,-117.847178
RouteID_47d13b50-08a2-470f-9769-35f0bc0e9c3b,33.78365,33.688122,-117.847178,-118.125717
RouteID_483c89cd-41cd-4995-a1f1-432eb9fddeed,33.937865,33.85884,-117.29738,-117.512673
RouteID_48454abb-1c54-4ba1-9ca2-468eb287525c,33.918699,33.768078,-118.144211,-118.324843
RouteID_4853a875-8cc9-4cd8-ab54-6e137907503c,33.688122,33.65218,-117.847178,-118.00387
RouteID_488c0478-2fc2-4687-956d-12fea458fa4e,33.965477,33.896642,-117.653303,-117.882142
RouteID_48941770-22e1-4c37-9d62-b3db81900ba6,33.990041,33.965477,-117.54964,-117.653303
RouteID_48f9b32e-0f38-431b-a0b0-69bfbef633f0,33.698121,33.664407,-117.77518,-117.847178
RouteID_49241a0e-00eb-401a-93ab-ce909f56dd8a,33.965477,33.848903,-117.653303,-117.753297
RouteID_49462c90-b093-4cf6-a0a9-a9d8aa382c7d,33.688122,33.653702,-117.847178,-117.895365
RouteID_49df3871-c437-47a2-aa71-658abcba5f9c,33.688122,33.635183,-117.65266,-117.847178
RouteID_4b163e49-3e85-43e6-b994-9ca8ae72ea1a,33.725814,33.688122,-117.847178,-118.049231
RouteID_4b5df090-96f1-491e-91e2-0799de36bd93,33.965477,33.842742,-117.498102,-117.653303
RouteID_4bcd7569-a73e-442d-a246-f4549d2191fb,33.918699,33.7643,-118.167741,-118.324843
RouteID_4be375b3-a89d-406f-9605-08e0a7ffc4da,33.965477,33.832313,-117.653303,-117.97866
RouteID_4c2beef4-22d2-49b4-94d2-b59b9ca2fb4a,34.12055,33.965477,-117.585538,-117.653303
RouteID_4c7ff8bc-4533-448b-a253-0c502571ec76,33.746369,33.688122,-117.746271,-117.847178
RouteID_4d5d2a1d-dbf2-421c-81be-577e95c723b9,33.734376,33.688122,-117.847178,-118.014519
RouteID_4e52e108-9f9f-4c23-ad03-de78121daa38,33.918699,33.770117,-118.155669,-118.324843
RouteID_4e5cef8d-029f-43c4-944e-b60f61e7abf8,33.937865,33.845037,-117.278873,-117.329383
RouteID_4eaa27f5-8816-4888-a7db-addf9f5d3ee0,33.688122,33.407166,-117.600991,-117.847178
RouteID_4f3a5b7a-3731-4519-88ff-c6664d0aa130,33.688122,33.542601,-117.779933,-117.847178
RouteID_4fa51ef4-04db-4cfa-9c1c-0a97787a074a,33.688122,33.642967,-117.670824,-117.847178
RouteID_4fcff59e-6155-470a-be78-09cda8c1480b,33.688122,33.610913,-117.847178,-117.935691
RouteID_5001d1fc-7d6a-474d-84c7-fa4ff20857d0,33.965477,33.827949,-117.653303,-117.773429
RouteID_503e4336-5e92-4d31-ae63-665c8c521373,33.688122,33.505744,-117.70729,-117.847178
RouteID_50d65918-5846-4b9c-bd75-fb456dc0481e,34.086745,33.965477,-117.653303,-117.702646
RouteID_50f8492b-1989-4643-b9cc-738ce27d791c,33.688122,33.65432,-117.847178,-117.917102
RouteID_50f8cb54-c9a4-470c-8e6d-634b1fea2403,33.688122,33.652888,-117.809059,-117.847178
RouteID_5158b56f-22b5-4a3f-9e57-2feacd281633,33.965477,33.866269,-117.653303,-117.99648
RouteID_51839f70-714c-4fe7-a1bc-73b2170c65af,33.688122,33.522254,-117.616306,-117.847178
RouteID_5192f0c4-8b9e-4264-938c-049873a6942a,33.965477,33.833298,-117.653303,-117.857398
RouteID_51a2aca9-3f75-43d6-9e35-0bf0f5e6f44c,33.689212,33.670874,-117.80789,-117.847178
RouteID_51ddfbc6-4dd8-4c59-9dfa-dbec0ebc5eb8,33.688122,33.636642,-117.652862,-117.847178
RouteID_528ac794-f7b3-4096-934d-36ca4357a734,33.691566,33.67782,-117.807908,-117.847178
RouteID_530a9ef1-10d1-4b8d-918d-da87858953c3,33.801156,33.688122,-117.847178,-117.920949
RouteID_5331cad2-f5bb-4a38-a174-fc11d3078ca0,33.965477,33.88437,-117.502466,-117.653303
RouteID_534b1229-baf5-47c8-968a-7baa780251ce,33.965477,33.830197,-117.532953,-117.653303
RouteID_5358ee90-4175-4957-b7b3-53c228e555e4,34.065651,33.937865,-117.207923,-117.29738
RouteID_538b2dc3-30d8-453b-b3a1-a9ad6d620031,33.688122,33.455488,-117.579762,-117.847178
RouteID_5447f44d-7286-42bd-9c17-65260ec9eeb6,34.163507,33.965477,-117.493156,-117.653303
RouteID_54566faa-4623-4f86-ae27-0e7d24e96b3b,34.117664,33.965477,-117.635118,-117.679606
RouteID_5461ac15-4445-49d2-997e-29ceb4d32335,33.688122,33.629099,-117.73945,-117.847178
RouteID_54756ba3-40b8-4c03-8465-7fd4fac2a7e1,33.688122,33.547073,-117.635419,-117.847178
RouteID_55c91bcc-bdda-4187-8836-12a586d00ba2,33.698121,33.672409,-117.780505,-117.847178
RouteID_55da9f43-0e5f-4d06-bdfb-9f440534fd3b,33.742611,33.688122,-117.790239,-117.847178
RouteID_55f39e2d-0eab-49a7-8160-2d2abf7e2a3c,33.688122,33.671483,-117.812784,-117.847178
RouteID_56d944b5-ee5d-4190-92ce-2c79e5f142f3,34.124225,33.965477,-117.486577,-117.653303
RouteID_56ef635f-96e9-4855-a95e-ae622bfe9482,33.693973,33.673101,-117.847178,-117.937401
RouteID_5737dfd0-a878-4065-96cf-fda8f6672005,33.989305,33.965477,-117.653303,-117.775588
RouteID_57556a85-abb9-4694-b664-c2bcd1d9ca3b,34.261122,34.22784,-118.58421,-118.823859
RouteID_57af31ed-73bb-4183-8074-11ec6d1df083,34.048688,33.965477,-117.574742,-117.653303
RouteID_57e75fc6-a866-486c-b693-2e48ab4b6436,33.965477,33.789529,-117.653303,-117.834571
RouteID_58914695-8100-4e81-9dd1-d6c57c2917a0,33.965477,33.89429,-117.653303,-117.910855
RouteID_58a6906b-aa93-4225-941e-8512c1e15aec,33.965477,33.862177,-117.653303,-117.812953
RouteID_59abfaad-3d5b-46f0-a8b7-6e2889b17235,34.207658,33.965477,-117.405594,-117.653303
RouteID_5a6f3943-d3c0-4b2e-9717-03a32d8a89be,33.965477,33.814489,-117.653303,-117.891585
RouteID_5a6f7b82-2bf7-4ace-9898-f4c19d021ba7,33.965477,33.83063,-117.653303,-117.757783
RouteID_5a8713f4-ce4d-4684-82ab-063d17123500,33.84492,33.688122,-117.847178,-118.060494
RouteID_5ad43b12-e242-4ee5-a25a-08d8b0ed9e04,33.771286,33.688122,-117.847178,-118.041798
RouteID_5ae28398-6835-417b-87c8-3fd893727bc9,33.918699,33.773377,-118.180689,-118.324843
RouteID_5b0cb784-87d6-4821-8d44-6b1807fae6e6,33.688122,33.653702,-117.847178,-117.910008
RouteID_5b22064b-3abd-4ad5-b44d-a2a24ee24b2f,33.787163,33.688122,-117.764358,-117.847178
RouteID_5b339e14-1d21-4607-b4cc-866babb08a62,33.965477,33.824165,-117.653303,-117.942411
RouteID_5b6069c5-1b9f-46a6-b1f1-0e4e6dea6a6d,34.134501,33.937865,-117.29738,-117.4232
RouteID_5b68580f-14e4-43c5-a125-f2ca7c64fc7d,33.733727,33.688122,-117.847178,-118.072739
RouteID_5b84c0a1-9594-4afd-8904-375e747ea183,33.688122,33.65188,-117.81008,-117.847178
RouteID_5b8f09af-b478-4f36-967a-d031636b1a76,34.086745,33.965477,-117.653303,-117.706444
RouteID_5bd4b035-1ec7-48ec-87a0-ea8f54cafaaf,33.918699,33.767497,-118.166504,-118.324843
RouteID_5c254029-6aa3-47f9-885b-1fc0d5e19c31,34.135574,33.965477,-117.52479,-117.653303
RouteID_5c2f0054-b50b-4fc4-a67a-a6f89bea1055,33.726828,33.688122,-117.847178,-117.895718
RouteID_5c999be3-a3fb-4f29-b7d4-9b0a0cd04d4b,33.786461,33.688122,-117.831903,-117.848146
RouteID_5cba2a9c-426b-4620-a36f-6f1032798ae7,33.965477,33.895681,-117.51563,-117.653303
RouteID_5cc00f81-1913-4a61-bafe-7a0bcd07215e,33.720352,33.688122,-117.847178,-118.066867
RouteID_5d1438e5-22b9-437e-b625-73f556c51bf4,33.965477,33.918036,-117.653303,-117.87896
RouteID_5d180f3b-97d5-4880-860e-27fe70c62aad,33.693854,33.672315,-117.847178,-117.937401
RouteID_5dbc7adb-0f8b-45ec-a2eb-74970110c7bf,34.064368,33.937865,-117.29738,-117.423383
RouteID_5dde0300-f65c-4cce-b3c6-ad6408eed8a7,33.688122,33.434717,-117.58902,-117.847178
RouteID_5e131b7e-518c-4c50-8243-c6c02c5fdc1f,33.965477,33.888467,-117.502367,-117.653303
RouteID_5e513a64-9782-4169-af1a-d3177dec2788,33.768069,33.688122,-117.847178,-118.165723
RouteID_5e751dbd-687c-4ac3-81ae-51a441ff633b,33.688122,33.580359,-117.592522,-117.847178
RouteID_5eabfb60-8bfd-4679-bb19-ed15110cd4fb,34.168459,33.965477,-117.43538,-117.653303
RouteID_5ee4cdd5-6c29-4306-a6cd-8943bde87002,33.965477,33.865901,-117.653303,-117.813553
RouteID_5f404f3e-ea91-4b2c-8ebd-0041b5ecdbd3,34.16867,33.965477,-117.37122,-117.653303
RouteID_5f5e1105-a11b-4071-8942-f16fa2e23c6b,33.965477,33.836601,-117.653303,-117.749239
RouteID_5f7e5456-07fb-4f94-8217-a61be1e834f7,33.965477,33.866315,-117.653303,-117.996504
RouteID_5ff865d3-ccd5-4764-ace6-cbc794511d89,33.801156,33.688122,-117.847178,-117.920942
RouteID_600dca32-cfe6-4e8d-8ab2-43d20dcc7d80,34.143001,33.965477,-117.542947,-117.653303
RouteID_6017f7e8-369e-44e5-bd52-7e71e2aeb570,33.688122,33.6008,-117.675937,-117.847178
RouteID_603c0c32-083f-46c6-8fb1-6912811af9d0,34.136306,33.937865,-117.239278,-117.316294
RouteID_606217f3-b754-4b7b-94be-579fe5f06475,33.965477,33.720728,-117.424305,-117.653303
RouteID_606b779e-f2bf-41ee-8bb2-bbf0850aef90,33.739734,33.688122,-117.747396,-117.847178
RouteID_6085f1ab-0d07-47c2-b5fe-d69df586113e,33.965477,33.862176,-117.653303,-117.812932
RouteID_60a74c91-68f5-4034-9792-c87329f1c5a5,33.965477,33.868704,-117.653303,-117.869181
RouteID_613148fd-77b8-4388-b27e-d8c81fee04d7,34.16505,33.965477,-117.551957,-117.653303
RouteID_61843a20-200b-4586-b9de-e620269fbc6e,33.800486,33.688122,-117.847178,-117.99859
RouteID_6189a279-1ff6-4b08-93c3-abc0a756142f,34.179552,33.965477,-117.321016,-117.653303
RouteID_62955f5e-57a2-4425-bfe6-6989d8dae565,34.212336,33.965477,-117.338465,-117.653303
RouteID_629662ac-688c-46e6-a678-82c5198677c4,33.688122,33.618873,-117.820714,-117.847178
RouteID_62a791cf-bd6d-4bc0-aea0-68b28f0d4cde,34.207658,33.965477,-117.405795,-117.653303
RouteID_62fe4dc5-985a-4549-8daf-61f793a5a977,33.798973,33.688122,-117.847178,-118.041154
RouteID_639c9d7e-52d4-4d01-bb56-f0b3bd81310d,34.175792,33.965477,-117.465643,-117.653303
RouteID_63b75725-2cb9-4c2e-93fa-8ecce33e9db1,33.688122,33.645471,-117.618018,-117.847178
RouteID_656eb5a6-511e-4835-a0d0-6fb2b9bcc72c,33.965477,33.891169,-117.653303,-117.807556
RouteID_657b0dfd-ec9a-4a27-bf92-4e234a4b53d1,33.965477,33.909071,-117.653303,-117.869658
RouteID_657d89cb-ff99-4fb8-92b1-c7eba122c3f3,33.688122,33.610545,-117.647618,-117.847178
RouteID_659348ac-0b6f-4438-8e55-efebeb3e8cf6,33.743898,33.688122,-117.847178,-118.032266
RouteID_65ffc50d-0057-4ffd-b090-90a3034d1aa0,33.965477,33.879514,-117.653303,-117.994056
RouteID_6613e5c5-ec2e-473b-99f4-211157876571,34.131632,33.965477,-117.50142,-117.653303
RouteID_6626f3dd-d391-4fa7-8313-687ac7b86524,33.75353,33.688122,-117.847178,-117.912143
RouteID_66c0719a-932b-41de-9ee7-73f4b6798521,33.688122,33.65515,-117.847178,-117.970571
RouteID_6777b545-6169-4a1c-9187-0df4ba58534f,33.795492,33.688122,-117.847178,-117.908148
RouteID_679369bd-44cd-440a-a962-e7400d52e21b,33.816055,33.688122,-117.847178,-117.976933
RouteID_67adaf89-4b4b-4a7f-8852-bded944138b6,33.784469,33.688122,-117.847178,-118.042124
RouteID_67db6de9-7f52-4f32-9a4f-5f6a911a37de,33.739151,33.688122,-117.778768,-117.847178
RouteID_6818b10c-8ead-42ce-8ee6-3e1ab7e307f6,33.918699,33.765049,-118.171041,-118.324843
RouteID_68ca27a6-7523-42af-91da-4a9376520b7d,33.688122,33.535564,-117.639351,-117.847178
RouteID_6a22aca7-1631-4be6-9577-50e3ce2b0dce,33.688122,33.65218,-117.847178,-117.996768
RouteID_6a374555-42e8-4218-b5a5-f9abecf1caf5,33.965477,33.847443,-117.653303,-117.979971
RouteID_6a975f4d-2403-4d53-8992-83d0738cd9a5,33.965477,33.900523,-117.653303,-117.874135
RouteID_6ab30a30-0b8a-4b25-9b5a-9f70cc78556a,33.97156,33.952737,-117.585212,-117.653303
RouteID_6b0e3a73-6be0-455c-9e2e-d9f22bdb1ec1,34.018841,33.965477,-117.576363,-117.653303
RouteID_6b7c34ba-101b-4cb3-a4d3-03788f6de519,33.967672,33.913134,-117.543357,-117.653303
RouteID_6b7f00d4-bb6d-480b-b90b-42604dab4563,33.965477,33.888189,-117.653303,-117.880836
RouteID_6bb40dfc-1df5-4603-a461-9719d1c7efca,34.163351,33.965477,-117.508497,-117.653303
RouteID_6bd49a99-cc02-4bdd-b420-618c3db5b029,33.688122,33.505932,-117.707667,-117.847178
RouteID_6c442893-0a1b-427f-86b7-600455c66ad5,33.86721,33.688122,-117.847178,-118.016847
RouteID_6c627360-4900-4bc9-9105-ee73d173b848,33.834422,33.688122,-117.847178,-118.029433
RouteID_6c7f39e4-7a80-4f5d-a713-5049563dbebe,33.965477,33.915558,-117.653303,-117.95207
RouteID_6ceffed8-aad6-4e11-ad59-0f37bfe44537,33.757485,33.688122,-117.847178,-117.913666
RouteID_6d161f1c-7a6a-4ff7-92a1-cf522399ece3,33.965477,33.890354,-117.569219,-117.653303
RouteID_6d3b072d-dcf7-439d-ba8d-cb850fb8f985,33.965477,33.86382,-117.653303,-117.997055
RouteID_6d4d6ccc-b208-4219-a7ae-c96d1a6874ab,34.198068,33.965477,-117.28979,-117.653303
RouteID_6d556189-f506-471e-974c-09087f926a80,34.19249,33.965477,-117.406165,-117.653303
RouteID_6d725309-c249-4106-bdc1-4efcbc019f1a,33.965477,33.892225,-117.653303,-117.881352
RouteID_6d7e8d5a-6b94-4cc6-a026-528ea2a94d1c,33.688122,33.529662,-117.626271,-117.847178
RouteID_6d7ee647-cf03-41d7-aca0-4544c35f3dfe,34.255279,34.227277,-118.58421,-118.817169
RouteID_6df28542-4a5a-4ff6-97c6-10cf6d678d85,34.178148,33.965477,-117.447398,-117.653303
RouteID_6e1cadcc-0686-4837-8dfe-221f5a0f88be,33.965477,33.862484,-117.619837,-117.716418
RouteID_6e6bf8b8-6359-4b42-aa9b-1caaaccd0930,33.688122,33.625952,-117.847178,-117.885812
RouteID_6e809954-5b83-4fbd-b847-133ed7681e46,33.937865,33.859177,-117.29738,-117.512673
RouteID_6ea76195-52b1-4a06-aa90-1cc6da3cabdc,33.739128,33.688122,-117.77635,-117.847178
RouteID_6eb0c8c1-5fb5-4725-b16c-84b5b0c5c634,34.124892,33.937865,-117.29738,-117.369175
RouteID_6ebee763-30f3-4128-aa2d-dd8592062bcc,33.937865,33.911678,-117.29738,-117.462283
RouteID_6f1f1b47-d7d4-48a1-a8e9-68b0a3c80adf,33.688122,33.584178,-117.831694,-117.870461
RouteID_6fc94627-3755-4ad9-89fb-4ff1487667dc,33.937865,33.606665,-117.271057,-117.304177
RouteID_70784950-d1f4-4ed0-9a77-98065c99b44a,33.918699,33.77019,-118.139021,-118.324843
RouteID_70d99ce0-a765-43f0-9cbb-aa126bf84ea2,33.965477,33.847551,-117.653303,-117.986321
RouteID_71074bfe-1d32-4036-b5d1-0dd61eb721ab,34.064962,33.937865,-117.29738,-117.480863
RouteID_71177cbe-ef30-4ef0-949e-9368363a97a2,33.763021,33.688122,-117.847178,-118.112204
RouteID_71546245-1996-4b5e-8d25-ba474b53356b,33.718599,33.688122,-117.750045,-117.847178
RouteID_7253629e-46d5-4dbb-a9dc-6c8b4ccb0213,33.965477,33.877723,-117.653303,-117.869181
RouteID_728eb77b-0bba-4690-81b7-e6cf193bcc13,33.965477,33.856228,-117.509052,-117.653303
RouteID_72e9d41f-878b-467a-a278-6aeb266ee648,33.688122,33.530159,-117.627209,-117.847178
RouteID_738c4cd7-6437-4e16-b7d3-d1467577f45e,33.688122,33.665001,-117.791769,-117.847178
RouteID_740b42b1-edf8-4b1b-bca3-d77c021620be,33.965477,33.862484,-117.626166,-117.717857
RouteID_7427fdd5-9246-43fb-a81c-d64a989e1986,33.965477,33.871693,-117.653303,-117.730013
RouteID_742d9d90-6474-461e-bf35-767ca23150ff,33.965477,33.830274,-117.569887,-117.653303
RouteID_74a0a75d-72ac-46c4-b768-1fac80782d28,33.965477,33.819335,-117.653303,-117.926954
RouteID_7520b1df-2c96-4f31-b9c5-92aa7384cf3f,33.965477,33.874594,-117.653303,-117.843322
RouteID_75623fb1-f04a-40d9-b1b1-e5617f09266a,33.965477,33.928934,-117.576884,-117.653303
RouteID_759fe5c1-519f-4adb-9a58-6e2262cb2d1a,33.965477,33.904172,-117.653303,-117.863066
RouteID_7636a515-d0e8-49fa-88ee-b3f6b4c8955c,34.157422,33.965477,-117.46273,-117.653303
RouteID_76a048df-2e7e-4e65-946b-87810f5ffc76,34.124781,33.965477,-117.535327,-117.653303
RouteID_771d9b19-7e8a-450e-9c36-5289f328610d,33.965477,33.842439,-117.509052,-117.653303
RouteID_77565dc9-d8ed-46e0-a08e-90a931f35c9c,33.695474,33.677613,-117.847178,-118.017183
RouteID_777d6f98-7483-40d9-9276-a93fb071523d,34.009171,33.937865,-117.004304,-117.29738
RouteID_7791e324-9506-4c83-b5d0-d8108e43bc0e,33.965477,33.878217,-117.653303,-117.869128
RouteID_77aeb7f9-e1d2-443d-b2b1-257b59cb64c0,33.70181,33.680876,-117.732623,-117.847178
RouteID_77ea19bb-3f67-4474-ae8a-dc24f2739bab,33.937865,33.901267,-117.29738,-117.509865
RouteID_78ad2579-9c8c-4b24-bd4c-b700b81c7bd5,34.057928,33.937865,-117.138124,-117.29738
RouteID_78afdd0b-206d-40dd-8c2c-48e67b602fd6,33.761094,33.688122,-117.847178,-117.936727
RouteID_78f99a61-4576-4f3b-a273-1a0d055ee8ad,34.265561,34.22765,-118.58421,-118.823867
RouteID_792f1973-90f2-4a13-b2b8-77b6ae745b08,33.965477,33.819906,-117.653303,-117.93124
RouteID_7967520d-8108-48b4-a6c6-86b800d46113,33.965477,33.868704,-117.653303,-117.86921
RouteID_79e529ac-83b8-4ef2-8d48-2f76ced3838a,33.965477,33.900592,-117.653303,-117.873884
RouteID_7a1ea7d1-2a75-4d2e-9b0a-3d0ec1678092,33.987069,33.965477,-117.653303,-117.740501
RouteID_7a20593c-83a7-4ca0-be8b-6e04d5298ed4,33.769241,33.688122,-117.847178,-117.913181
RouteID_7be1baab-d4d0-4d74-aec3-4292ee38c71f,34.166577,33.965477,-117.464047,-117.653303
RouteID_7bf41665-b9c4-4c5c-9e09-475990634349,33.77158,33.688122,-117.76063,-117.847178
RouteID_7c36b9b2-3084-46eb-9b45-0309ec4b0d19,34.281611,34.23485,-118.58421,-118.75982
RouteID_7c883be7-e553-4a4a-92c3-bc8f46fb3e6d,33.688122,33.610784,-117.60352,-117.847178
RouteID_7cec3aaf-a7e4-452f-881f-cc28faf6adba,33.688122,33.52809,-117.688271,-117.847178
RouteID_7d4a454d-3107-49d9-b103-73c3415238b3,33.965477,33.890337,-117.529498,-117.653303
RouteID_7decc507-a329-499a-b91c-b8016040692e,33.713066,33.688122,-117.714277,-117.847178
RouteID_7dee560a-73ce-4121-894b-fe5b1fb296da,34.024149,33.965477,-117.653303,-117.772012
RouteID_7e09f85f-632d-417e-9ad3-c7f5466f65ee,33.688122,33.614266,-117.60352,-117.847178
RouteID_7f11ac39-2869-4017-a4dc-6757e108f1a3,33.784575,33.688122,-117.847178,-117.975921
RouteID_80987246-f4ca-4263-bebf-eb3e75fcbce1,33.965477,33.849671,-117.591411,-117.653303
RouteID_813a018a-7dd9-4866-904f-ee6ae02ddeef,33.965477,33.715749,-117.416581,-117.653303
RouteID_813f7d17-603b-4492-8bed-043629e4811b,33.918699,33.851751,-118.165121,-118.324843
RouteID_8153f15c-77a3-44ea-8153-053c3267c390,33.918699,33.81947,-118.185203,-118.324843
RouteID_81e76b29-a2c5-4380-a421-b15ad8eaa740,33.688122,33.621897,-117.640711,-117.847178
RouteID_81f66536-9c66-4e19-9276-278c3ac5dc72,33.965477,33.795113,-117.653303,-117.87338
RouteID_82617ee9-dce9-4a83-a401-e574870564cb,33.688122,33.64877,-117.814616,-117.847178
RouteID_835d484d-24d1-4fa7-a922-63872b08fd22,33.965477,33.858681,-117.552628,-117.653303
RouteID_83d20ae4-fd4f-4dd3-af37-160e9a3919ad,33.688122,33.598541,-117.847178,-117.886392
RouteID_846a758e-1a74-4855-8d5c-dbb54033b18f,33.688122,33.600531,-117.675973,-117.847178
RouteID_84a68747-8b2b-4798-a554-28ff4baedd60,33.688122,33.636778,-117.797683,-117.847178
RouteID_84f72f6e-3b04-4883-8e14-632fba58a7f0,33.937865,33.654133,-117.205968,-117.29738
RouteID_85285257-2424-47d9-a72c-94cc28da904e,33.832432,33.688122,-117.847178,-117.948418
RouteID_8593ec14-106f-4007-8122-35f3c208ef9d,33.688122,33.643581,-117.671627,-117.847178
RouteID_86304299-5f2d-486e-a216-77fb802178e4,33.688122,33.598514,-117.84205,-117.871636
RouteID_863bcc13-f431-4fce-89ad-a9bc857ad483,34.164784,33.965477,-117.56109,-117.653303
RouteID_86517a18-67ab-4b65-b8a6-afe7740861f7,34.135789,33.965477,-117.508433,-117.653303
RouteID_868f28dd-ed74-44fc-9f9a-c55ba92f1ea7,34.124223,33.965477,-117.488532,-117.653303
RouteID_86ab3b8b-1e01-425d-bb33-6f37405f0e1b,33.704373,33.688009,-117.743165,-117.847178
RouteID_86abc426-4c51-4415-b42f-964a74a81b0f,33.797732,33.688122,-117.847178,-117.932829
RouteID_86b98121-d379-4018-8aa9-2332d77c0b61,33.96741,33.918552,-117.549987,-117.653303
RouteID_86db3f92-c88d-42fc-b67b-2a67f3a5b7bc,33.965477,33.924852,-117.653303,-117.718466
RouteID_87acc75c-0933-4a30-966b-f9a7ad1b4957,33.987041,33.965283,-117.653303,-117.740474
RouteID_883f8700-e694-4ef0-968c-5299bf9a8e93,33.688122,33.619366,-117.809925,-117.847178
RouteID_888d846c-21bb-490d-898c-33c42001cd8b,33.965477,33.79505,-117.653303,-117.854864
RouteID_89ae76a7-0359-4a5a-8031-72efdb552b00,33.965477,33.789499,-117.653303,-117.841272
RouteID_8afa55b0-f1ca-4434-b1e6-aacc1541d273,34.10648,33.965477,-117.605079,-117.653303
RouteID_8b3e94ea-1f8d-448f-8391-a7352899281f,33.937865,33.53683,-117.15179,-117.29738
RouteID_8b5c04e7-0c0b-42c3-afa3-62bb4a268ddb,34.029133,33.965477,-117.564334,-117.653303
RouteID_8b8f4e98-6e59-457f-9923-3ce7f2cf6072,33.918699,33.852134,-118.173223,-118.324843
RouteID_8c788d23-093f-4cc0-979c-2f79a52e8d0f,33.965477,33.825883,-117.653303,-117.876824
RouteID_8caef543-dd6f-4c8b-b531-fe6f767b0a26,33.688122,33.59869,-117.84202,-117.871262
RouteID_8cc876cd-d046-43a1-b91f-50c1c999d0f7,33.832176,33.688122,-117.847178,-117.996696
RouteID_8ce03cbd-0f12-4782-8c2b-f362cae19906,33.688122,33.535008,-117.643007,-117.847178
RouteID_8d0c62ac-2c24-4477-9f76-0534097e805d,33.786541,33.688122,-117.831874,-117.854889
RouteID_8d89c2dc-ccb5-4929-8611-e2dfa5915cd7,33.965477,33.858251,-117.552629,-117.653303
RouteID_8d945c9f-bfbb-438b-9a96-c31821f28ba5,33.688122,33.635995,-117.609288,-117.847178
RouteID_8e9d596d-4cbb-4fd7-a0d5-2b6fd413c70c,34.086875,33.965477,-117.631101,-117.668529
RouteID_8f40d72c-c84c-4c35-8b67-e013f1113525,33.688122,33.63292,-117.830319,-117.84753
RouteID_8f808500-dada-4167-b207-6c8a7f5702f9,33.727969,33.688122,-117.847178,-118.023467
RouteID_8ff673d3-7ba9-47bc-b69a-b6600e4d8759,33.688122,33.5731,-117.572248,-117.847178
RouteID_90017a5d-7255-4ede-a033-0e9a32b2b017,33.990041,33.965477,-117.549609,-117.653303
RouteID_9012fc03-1535-4746-b32a-7b3e1b228da3,33.688122,33.623867,-117.67421,-117.847178
RouteID_90b41ee2-81e3-40b1-b344-3b91a94a205a,33.965477,33.815153,-117.653303,-117.893156
RouteID_90fc7050-6478-471f-9694-c59c7869741f,33.965477,33.878586,-117.653303,-117.993002
RouteID_912bc2a7-a414-49fc-b6e6-224f694fb2f6,34.083189,33.937865,-117.14222,-117.29738
RouteID_91ada984-d3ec-4e4a-908d-64cbe5cc5783,33.965477,33.838834,-117.653303,-117.91251
RouteID_91b46004-2e9f-4df1-a3f8-ab49128126f1,33.703835,33.688122,-117.701055,-117.847178
RouteID_91ba7858-5ab7-4a51-a470-22076c2682dc,33.688122,33.643653,-117.666411,-117.847178
RouteID_91bdcdc0-5f1f-4e62-bd8a-04df66e0ed9b,34.093286,33.965477,-117.603555,-117.653303
RouteID_9254f1aa-e3dd-4bbd-a1d7-c9e299722783,33.688122,33.642868,-117.664693,-117.847178
RouteID_9261c89b-0095-4e15-b68c-8b9a4cc087f6,33.965477,33.874219,-117.653303,-117.780332
RouteID_9262298e-a565-4221-b5a1-fc9879f45f47,33.688122,33.664998,-117.847178,-118.009196
RouteID_930f8586-2d55-48ca-bb8c-9dbe2109c4a7,33.965477,33.844671,-117.653303,-117.97508
RouteID_939f1e03-6dfd-4ec1-a834-f2adc8787235,33.965477,33.855846,-117.54558,-117.653303
RouteID_93ccb968-fe5f-45ab-9dab-2962643af1c4,33.688122,33.656219,-117.847178,-117.996771
RouteID_944964ba-76e9-4eb6-ac64-c76d8cd7062e,33.688122,33.60018,-117.654933,-117.847178
RouteID_94a7fa38-096b-426b-beba-343e913f475b,33.688122,33.618873,-117.821901,-117.847178
RouteID_94b738a9-a9bf-48d7-9fdd-dbf9c4f6209c,33.707341,33.674882,-117.847178,-117.986606
RouteID_94c047d2-6bad-4042-8ca8-d687b563e82f,34.163524,33.965477,-117.523403,-117.653303
RouteID_9503e8df-e3ce-439a-90d2-c32719e8f1b5,34.003666,33.965477,-117.528054,-117.653303
RouteID_9542bdb9-9c28-4c5b-a597-334ef5e2683c,33.956787,33.92887,-117.29738,-117.42257
RouteID_957ab8fc-6f56-4b75-ac22-66fcfdc3b423,33.918699,33.764125,-118.167741,-118.324843
RouteID_958af888-e65b-48fb-a0a0-a166a75ac91e,33.98971,33.965477,-117.549564,-117.653303
RouteID_95b6b1fa-7dd4-49f2-b3ee-3c0c4d3380db,33.965477,33.842996,-117.50392,-117.653303
RouteID_961f6c70-7942-4405-8683-47b2adec7d75,33.965477,33.874678,-117.653303,-117.854247
RouteID_96472e54-679b-4b99-8d2b-c250c0ec83d5,34.135482,33.965477,-117.570978,-117.653303
RouteID_9689059b-7fa9-4e61-9152-93eb850ba3df,33.688122,33.575064,-117.727422,-117.847178
RouteID_96b03739-edc3-4d98-9d46-2908d172f5ad,33.965477,33.882299,-117.653303,-117.965071
RouteID_97566b67-bad8-49da-b375-9c4d72a95441,33.764264,33.688122,-117.842606,-117.884302
RouteID_97601048-f0ce-4457-81dd-bc968737b317,34.058808,33.937865,-117.169686,-117.29738
RouteID_97dc914f-67ad-483b-a778-1fa4863b68eb,33.965477,33.820862,-117.653303,-117.908787
RouteID_98488458-a6a1-442a-a5ce-dc07f643b622,33.842847,33.688122,-117.847178,-117.951892
RouteID_98cb832c-6ed4-43ba-90de-95c378178248,33.987655,33.965477,-117.653303,-117.741158
RouteID_99120b29-3e26-4f27-8e1e-9f250a83765f,33.965477,33.782089,-117.653303,-117.834727
RouteID_99d03063-0f92-48da-9745-2cfa76fb17ba,33.768063,33.688122,-117.847178,-118.16827
RouteID_9a004aa7-847f-4155-8311-0bce7f78d5f6,34.15854,33.965477,-117.632402,-117.658754
RouteID_9a043c65-3763-4a5d-b7b9-9df6118e9218,33.714464,33.688122,-117.746642,-117.847178
RouteID_9a9566c0-76db-4262-820b-14fd2c258a79,33.688122,33.625805,-117.847178,-117.885989
RouteID_9aa75858-a115-4588-816d-d878b9c39844,33.965477,33.844564,-117.653303,-117.774215
RouteID_9ad2a71c-906a-4504-9bc2-4b143334e95a,33.688122,33.613574,-117.62579,-117.847178
RouteID_9ad313b6-a47d-4df1-8117-b1dce631923c,33.987655,33.965477,-117.653303,-117.740475
RouteID_9adfe16c-9061-4b9b-91c6-9ef4c61c4b03,33.918699,33.769744,-118.15567,-118.324843
RouteID_9b7fbeb9-1d76-4349-9eb1-c41f5e0bc565,33.688122,33.618829,-117.81007,-117.847178
RouteID_9ba9a443-034b-4257-b4f6-e4b70958a335,33.961801,33.937865,-117.00884,-117.29738
RouteID_9ba9cab3-7d12-49ec-a9c9-401f3c440b10,33.918699,33.768109,-118.121256,-118.324843
RouteID_9bfdaaf8-0ddd-452d-a7c5-dedfe71f5327,33.688122,33.598383,-117.847178,-117.898775
RouteID_9cad9322-94ca-434a-a146-90bcc65c29cc,33.688122,33.621528,-117.821035,-117.847178
RouteID_9ccf2568-7f63-47a7-9fed-f5f90c623594,33.965477,33.898864,-117.515924,-117.653303
RouteID_9cfaa79e-2a6c-484f-956f-f2db93923c26,33.688122,33.647188,-117.847178,-117.916779
RouteID_9d32cf08-04c0-4105-8d71-081fa5066e06,33.688122,33.410115,-117.604226,-117.847178
RouteID_9d567de6-1bf1-441e-afaf-5a0869910fc6,34.235273,34.190815,-118.58421,-118.84859
RouteID_9ddabf0d-92e7-45ba-a225-8766d6a6d979,34.043195,33.965477,-117.653303,-117.75599
RouteID_9de74a55-5a73-42b5-a6cc-f68ecb4cb1eb,33.794865,33.688122,-117.847178,-117.915375
RouteID_9de82f86-a3a6-4533-93ad-d00f44df164e,33.918699,33.768079,-118.144034,-118.324843
RouteID_9deead99-222e-49e1-ad58-44a570e1ad29,34.076027,33.937865,-117.156353,-117.29738
RouteID_9e308b0e-9ffc-4c70-adbb-dc6c533fee0b,33.738963,33.688122,-117.746551,-117.847178
RouteID_9e6d5e77-6435-4da4-bcf6-f22c082d44ef,33.757883,33.688122,-117.847178,-118.034786
RouteID_9e8ba54c-ba8b-452f-b137-c3b9794343fa,33.770175,33.688122,-117.847178,-117.997298
RouteID_9f8f5bd0-b4be-4abe-b56b-001688cfc2cd,33.688122,33.585626,-117.711652,-117.847178
RouteID_9fc442c1-fe99-4804-a741-92f1d1d9b2a1,33.965477,33.788069,-117.653303,-117.837068
RouteID_a0cc48df-4770-4eb9-8062-c1fd0882ce17,33.688122,33.649304,-117.847178,-117.924755
RouteID_a14d38ce-29a3-4981-b4a4-32331f539458,33.688122,33.615059,-117.73563,-117.847178
RouteID_a16eebaf-577b-46e5-a8a4-0317eeadcb2f,34.117682,33.965477,-117.63975,-117.692733
RouteID_a1ee34e4-7753-4f59-aa10-dc756f81a8e1,33.735467,33.688122,-117.837287,-117.889586
RouteID_a23928a8-3ef4-4e05-8196-615be80c92fd,34.006817,33.866781,-117.653303,-117.851735
RouteID_a3452910-62a2-40cc-aae6-369e8a0d7e03,33.965477,33.825291,-117.653303,-117.85744
RouteID_a35309e7-0b78-4837-b0e0-9da95476bc1b,33.918699,33.768638,-118.15521,-118.324843
RouteID_a439a3a9-e17c-4485-baae-f26cb9ac7d60,33.708459,33.688122,-117.712844,-117.847178
RouteID_a4fb27e9-405e-479d-a137-af325db6e833,33.688122,33.632812,-117.847178,-117.879305
RouteID_a5138edf-87f6-4108-be1e-5c4b75e92982,33.765933,33.688122,-117.847178,-118.16827
RouteID_a51d623d-a25e-44b6-9e05-d0e4c2d54552,33.765496,33.688122,-117.847178,-117.977034
RouteID_a526ac55-9ba1-400a-bfea-e534c2eef428,33.965477,33.878539,-117.653303,-117.989034
RouteID_a5a17fad-206a-4b64-b8a0-5569aef1a587,33.965477,33.866269,-117.653303,-117.994182
RouteID_a60e817c-e0dd-4dbd-a211-a47a5c7b4381,33.688122,33.655705,-117.847178,-118.016825
RouteID_a624de66-36b6-427e-90b9-0cc890a1991d,33.950108,33.907636,-117.29738,-117.511797
RouteID_a65d9856-8d18-4b35-8400-68ea1bde885f,33.937865,33.88276,-117.29738,-117.507716
RouteID_a6f03f03-816f-469d-b2e2-77ba2696a3ab,33.965477,33.898389,-117.653303,-117.853581
RouteID_a6fa9eb1-9111-4526-b591-579c7f6f4bb4,33.688122,33.650885,-117.808872,-117.847178
RouteID_a7a173a0-7e09-40af-b407-460948a4ca69,34.124232,33.965477,-117.488509,-117.653303
RouteID_a7a5c051-efea-431f-998a-f4bb8454e7e3,33.68931,33.661999,-117.622957,-117.847178
RouteID_a7af0245-0b8d-44a1-9f87-14dd7f7e6530,33.965477,33.796927,-117.653303,-117.893627
RouteID_a84d925d-bb8e-492e-9128-640174caa364,34.216959,33.965477,-117.410136,-117.653303
RouteID_a9269af9-2698-4ff0-b768-4992a5df3056,33.688122,33.493125,-117.511241,-117.847178
RouteID_a9506e31-2da8-40e3-8650-da2e37b625a9,33.793332,33.688122,-117.847178,-117.958755
RouteID_a9879e59-eaef-42a3-a35b-21259c821eb1,33.918699,33.764969,-118.207827,-118.324843
RouteID_aa24b64a-f69c-4b81-bcc8-985b6eaa7cca,33.965477,33.842845,-117.539019,-117.653303
RouteID_aa3115a8-f9b9-4bcf-8f68-7b3f5d2383a1,33.691773,33.666853,-117.847178,-117.996771
RouteID_aa70910b-3cd5-47e5-887e-286dcef5351f,33.965477,33.920941,-117.653303,-117.878936
RouteID_aa975993-3df9-4726-bd40-1e907c8ba915,33.688122,33.625952,-117.847178,-117.872931
RouteID_aac5b390-fa8e-46aa-bf5f-998ae5c07c5f,34.163329,33.965477,-117.493369,-117.653303
RouteID_aafb424c-8b74-44b0-9e5b-fe784b92fb13,33.708779,33.688122,-117.74233,-117.847178
RouteID_ab632b5f-f121-4910-9994-d7dc3ccffeb4,33.688122,33.673342,-117.818478,-117.847178
RouteID_ab991d03-ebe3-4a09-9743-5d2213698395,34.057307,33.937865,-117.248782,-117.29738
RouteID_abddbc66-3bbe-4c98-9f25-e3259109c3cf,33.965477,33.888991,-117.653303,-117.926197
RouteID_ac042ba4-414c-4be7-bceb-e1fcd4ea8248,33.965477,33.92757,-117.653303,-117.975436
RouteID_ac30fdb7-71d5-4e47-a374-ac20aad7595a,33.965477,33.884489,-117.503485,-117.653303
RouteID_ac99d772-6468-48a6-8efd-7a558a10d3a0,33.781543,33.688122,-117.847178,-118.136137
RouteID_ad13e9f6-ec01-4884-b1b0-8bdc83026054,33.704923,33.687829,-117.742384,-117.847178
RouteID_ad42475e-564a-4266-8940-94dd7820f278,34.083843,33.937865,-117.108972,-117.29738
RouteID_ad6d42eb-1802-4f31-97d8-ac62ecef53bc,33.688122,33.652696,-117.847178,-117.997719
RouteID_ad89f815-f4d1-4661-b391-4b3b49cdee15,33.742907,33.688122,-117.76853,-117.847178
RouteID_ae4a638c-c64c-4d1e-bb45-7bb9dc02d988,34.133508,33.965477,-117.653303,-117.721955
RouteID_ae7545f8-6535-4710-b6ea-30b4fb64cc02,33.689329,33.661999,-117.623516,-117.847178
RouteID_ae7c078f-9775-4382-97b9-b82dc13228e9,33.688122,33.535071,-117.642214,-117.847178
RouteID_aead13ab-289d-4afa-af0d-80cfde2d50ab,33.731571,33.688122,-117.755076,-117.847178
RouteID_aee1994f-efe8-48cc-83dc-99642bea4fe3,34.168661,33.965477,-117.447672,-117.653303
RouteID_aef41fd5-7618-4f22-9a32-d5a2f3444ea0,34.168616,33.965477,-117.43598,-117.653303
RouteID_af278499-0c78-478e-9506-0d5e0ddb1ce8,33.965477,33.868759,-117.653303,-117.95984
RouteID_af2eeab1-d780-426d-8980-8fbd836d1291,33.688122,33.406757,-117.60187,-117.847178
RouteID_b048bb97-7172-4eb1-afc6-425cce41f252,33.756071,33.688122,-117.847178,-117.884663
RouteID_b0ce27bb-ecea-4d12-a83c-bbcd02c70bb4,33.688122,33.601068,-117.675973,-117.847178
RouteID_b0d85767-ecaf-4e46-8959-46a43c8c2014,33.688122,33.609329,-117.83026,-117.862588
RouteID_b12c01a4-9dc6-4cb9-b9e3-26186fd9c1be,34.164425,33.965477,-117.495501,-117.653303
RouteID_b15301b4-67e1-4411-8816-60470e0dc071,33.965477,33.72759,-117.437903,-117.653303
RouteID_b17be13c-9671-4c4f-a74c-052520441f62,34.129119,33.937865,-117.29738,-117.36842
RouteID_b1c5dfd6-459f-4977-aea7-3c48b4d865ff,33.695592,33.680882,-117.73813,-117.847178
RouteID_b2a7ac1d-61e7-408b-bc20-44799268a7d6,33.688122,33.653661,-117.847178,-117.894817
RouteID_b2b7bd66-04ea-410a-9d84-a0f1601ccc42,33.965477,33.868436,-117.653303,-117.856607
RouteID_b2f0132a-4c06-40de-a14b-8367cc2a795a,33.918699,33.80288,-118.18242,-118.324843
RouteID_b316a43d-0cea-4b0e-9e35-cfec97807141,34.137656,33.965477,-117.508497,-117.653303
RouteID_b3dbfeac-c949-4761-90ca-ed8da25cca02,33.987053,33.958237,-117.653303,-117.739199
RouteID_b3eeb2f6-131f-4243-8fb4-057438d07870,33.765191,33.688122,-117.847178,-117.965463
RouteID_b3fb5fb0-4b06-4388-b19c-e3ba37671982,33.688122,33.505642,-117.678811,-117.847178
RouteID_b45a2c95-4634-40f2-83bd-555c8770288e,33.688122,33.667077,-117.799327,-117.847178
RouteID_b461278a-5ab7-4341-9287-38a2736898c5,33.731089,33.688122,-117.743885,-117.847178
RouteID_b4e3992d-6211-415f-b416-94ec8810bcd9,33.688122,33.645218,-117.669236,-117.847178
RouteID_b4fde8a4-ef8e-4135-ae82-007663a0a189,33.965477,33.852989,-117.653303,-117.883542
RouteID_b542c3ef-6f22-4497-90ac-65f4f02a999c,33.937865,33.691154,-117.148032,-117.29738
RouteID_b5814396-317d-4a37-be08-41c99abaffeb,34.164718,33.965477,-117.591938,-117.653303
RouteID_b58690f1-e075-41fe-9ece-6207efa61d52,33.965477,33.830196,-117.524434,-117.653303
RouteID_b615257f-6503-48d5-b7f5-d1ae857dfb9a,33.700339,33.683465,-117.847178,-118.01713
RouteID_b6f25e23-d167-4eff-be7f-559c14f19bfb,34.085593,33.937865,-117.161683,-117.29738
RouteID_b8830cc4-9424-4fd9-aefe-b1d3d164c5a9,33.965477,33.87237,-117.653303,-117.973503
RouteID_b8865c87-598c-407d-baff-a34e66406562,33.97637,33.960896,-117.54138,-117.653303
RouteID_b8f8d953-3963-4b7d-8580-d90c1deb5258,33.965477,33.870657,-117.653303,-117.879859
RouteID_b96aea42-0c1f-45d1-b593-97038bf1235e,33.965477,33.853318,-117.57349,-117.653303
RouteID_ba4d7dd2-cca9-441a-b87e-d92cf27e2bb4,33.965477,33.827892,-117.653303,-117.778516
RouteID_bad72dc5-6429-4772-91ab-757da8b3a43e,33.965477,33.830196,-117.532956,-117.653303
RouteID_bae78799-204d-40c4-88b9-d016e5fee4e6,33.688122,33.622093,-117.767184,-117.847178
RouteID_bb265a5f-087b-462f-bc4e-1f7cc1c69571,33.965477,33.868609,-117.653303,-117.84496
RouteID_bb5b335c-317b-494e-b562-a914c4d7e794,33.965477,33.820453,-117.653303,-117.908828
RouteID_bb99fee4-344f-46d9-94a2-8d243aeb6d99,33.753953,33.688122,-117.847178,-117.91399
RouteID_bbe190c2-ff7a-436d-9230-a002271ee3e4,33.704633,33.685616,-117.802267,-117.847178
RouteID_bc7d1703-a1f8-45de-9c78-0643151c9d7c,33.768081,33.688122,-117.847178,-118.16827
RouteID_bc96d79d-57df-40b8-8335-e2194d4183a2,34.175877,33.965477,-117.446895,-117.653303
RouteID_bcac0be6-69fc-4225-9e4b-a69c64019387,33.688122,33.654139,-117.847178,-117.903085
RouteID_bcdecdc9-5580-4cd2-90d0-f06c1062692c,33.965477,33.885583,-117.653303,-117.885671
RouteID_bd0ad720-8246-453c-80bf-ff2200c5fa5b,33.688122,33.643041,-117.61094,-117.847178
RouteID_bd565001-36f7-426e-a08b-e641f348c7da,33.965477,33.868549,-117.653303,-117.923073
RouteID_bd568907-0a28-469e-a685-3a249d0b5ada,33.965477,33.830274,-117.568648,-117.653303
RouteID_bdeec9b7-2e85-4a8b-ab6a-205ec492bee1,33.965477,33.921447,-117.653303,-117.879093
RouteID_be718da4-c17d-41f4-8d02-f5582cf2f2a4,33.688122,33.503178,-117.741928,-117.847178
RouteID_bf0bbf2a-46e8-46f2-b68b-1fa591f636e7,33.703095,33.680876,-117.726531,-117.847178
RouteID_bf8130d0-72ca-4f7a-9cc2-9923a24203c0,33.965477,33.891081,-117.653303,-117.881054
RouteID_c0b4b5ba-09f8-4e10-a441-8bfbd9d958c0,33.965477,33.842179,-117.653303,-117.910015
RouteID_c15a6d87-23cd-418c-b83e-fbe5fdb498bd,34.045072,33.937865,-117.016161,-117.29738
RouteID_c16cda48-a3e3-471c-a5d0-124db92659f3,33.688122,33.554109,-117.578004,-117.847178
RouteID_c1a61597-7f5b-41eb-adf0-59145f866853,33.688122,33.609733,-117.604829,-117.847178
RouteID_c1d47f73-895b-465d-8c4c-a3eeae4bfc87,33.688122,33.665012,-117.847178,-118.010385
RouteID_c221337e-9c0b-4003-b749-7171066cfed4,33.688122,33.632826,-117.825381,-117.84862
RouteID_c22a2781-0d51-4c3c-93e9-38a232746e0d,33.968227,33.952737,-117.59631,-117.653303
RouteID_c2673b26-e324-4aa1-8fdc-8fd3906554be,33.841981,33.688122,-117.847178,-118.040712
RouteID_c28aa6e3-1a85-4128-b40c-9954ecadc2d9,33.965477,33.859602,-117.587956,-117.653303
RouteID_c2c2d65a-0ad2-4d03-8e6f-58c3e7dcfa24,33.688122,33.652191,-117.847178,-118.00387
RouteID_c3069c8b-13c7-4e69-a25c-d15dd70e3b76,33.719967,33.688122,-117.730981,-117.847178
RouteID_c32a45a9-014c-4647-8ba3-1c1e54125b61,33.688122,33.656509,-117.847178,-118.01734
RouteID_c3557b5e-df50-4fea-affd-cecc3db6b58f,33.753872,33.688122,-117.74234,-117.847178
RouteID_c3602216-4d2d-4204-9b7f-c6c545714efe,33.965477,33.845334,-117.653303,-117.784115
RouteID_c3d7ed5a-9905-482b-b9fc-b8f2dcdc7ea5,33.769013,33.688122,-117.847178,-117.910178
RouteID_c3f06587-ff3d-4f1f-95d6-9af89798d028,33.937865,33.695927,-117.190003,-117.29738
RouteID_c5072e13-422d-4219-a2fa-5b1fffc6bb05,33.688122,33.551871,-117.627912,-117.847178
RouteID_c529b748-1661-479d-ad2c-45c7e8051f78,33.918699,33.76808,-118.152202,-118.324843
RouteID_c54aa8d4-5b3c-4326-ad3e-09b11f58975b,33.988867,33.965477,-117.550163,-117.653303
RouteID_c57f0463-dfbb-40aa-8f4e-df3636c923f3,33.688122,33.6185,-117.698351,-117.847178
RouteID_c5f99b42-0893-4456-9399-a7c7ca38843b,33.99253,33.965477,-117.549595,-117.653303
RouteID_c6ec3a66-7346-4f2a-95a8-fb0b9a77ce9a,33.688122,33.661485,-117.847178,-118.017795
RouteID_c71e698b-5ace-4275-b0be-b1069039004b,33.918699,33.771711,-118.15946,-118.324843
RouteID_c734ad9c-ca70-48d1-b2cd-e3f3defb532b,33.786541,33.688122,-117.831713,-117.850779
RouteID_c73a16da-a41b-4a20-a433-9e756bd1a9a3,34.207188,33.965477,-117.329762,-117.653303
RouteID_c73f86ca-c0fe-4a99-89a8-49c115b7259e,33.965477,33.788068,-117.653303,-117.848749
RouteID_c81ab95e-f33a-43dd-be23-2a202f48382b,33.99253,33.957898,-117.569877,-117.653303
RouteID_c82b1c2f-552a-4106-adad-6f4faa0b8ebf,33.688122,33.583182,-117.674709,-117.847178
RouteID_c89e7353-3c12-4ac2-a08d-3ec34702ccd4,33.965477,33.858776,-117.561407,-117.653303
RouteID_c8a64c12-a2de-4915-a39c-a410d7280791,34.057465,33.937865,-117.222918,-117.309329
RouteID_c8fd39ed-d7b6-4a06-b94d-dbbe281430b9,34.124636,33.965477,-117.545275,-117.653303
RouteID_c90ad0e8-4c8d-40a2-b9ea-7b9a1dc36781,33.747756,33.688122,-117.847178,-117.941497
RouteID_c9a0f20e-e26a-46c7-8c34-2e3067867f3e,33.965477,33.868417,-117.653303,-117.856668
RouteID_c9a55fd0-d4f9-4998-b96a-26f5dfdd9d63,33.707927,33.686767,-117.802079,-117.847178
RouteID_c9cf2fb8-9353-40f0-98cb-4d409e2e4b2f,33.965477,33.904318,-117.653303,-117.962835
RouteID_ca7c84a4-40b2-4b22-81b2-2bdd4592696b,33.965477,33.833957,-117.653303,-117.81083
RouteID_cab08b14-ae34-4627-b06e-bb638499b8b7,33.918699,33.775231,-118.091487,-118.324843
RouteID_cac3ae3c-69d9-403d-9d72-92d108aee229,33.965477,33.788069,-117.653303,-117.835719
RouteID_cac6e99d-5a58-4800-bd63-4892de140a54,33.719415,33.688122,-117.847178,-118.066617
RouteID_cb11a0ba-b0bf-429d-adf9-105789be8406,33.708715,33.688122,-117.761649,-117.847178
RouteID_cb1711d7-8feb-4abe-9da0-24b886b92a10,33.78365,33.688122,-117.847178,-118.143737
RouteID_cb180791-08d9-47b6-88cc-be94fb928b69,33.965477,33.773912,-117.653303,-117.824816
RouteID_cb682826-8e88-4463-b8a6-b4206dff898d,33.691518,33.673314,-117.65968,-117.847178
RouteID_cc0907fa-d932-49cc-aeeb-6e7a5372c6a7,33.965477,33.788069,-117.653303,-117.837068
RouteID_cc4bbe9b-5e4e-4d2d-a647-649a8d5b7fee,33.688122,33.408149,-117.603071,-117.847178
RouteID_cc891591-696e-43d0-a623-1b054b5b83d6,33.965477,33.918036,-117.653303,-117.873388
RouteID_ccfe1fcf-7820-4017-9643-24ee8ded8aae,33.688122,33.615383,-117.72989,-117.847178
RouteID_ce9be28a-b6b0-4e9b-b290-09a1463aee7a,33.965477,33.883666,-117.521088,-117.653303
RouteID_cec10d1f-63cb-44c9-8ac0-57a729196599,33.69714,33.677997,-117.805642,-117.847178
RouteID_cecdc640-a6e8-4e86-a34d-95ec93498a64,33.965477,33.855846,-117.497994,-117.653303
RouteID_cfa2b03a-62d4-4bd8-844c-ac0bc7a6c374,33.965477,33.859376,-117.653303,-117.986556
RouteID_d0ac5274-5a70-41fb-a8ed-a87174714507,33.688122,33.53013,-117.626241,-117.847178
RouteID_d0c3d02c-0b9e-4615-b831-424ff077b218,33.714323,33.684012,-117.847178,-117.977119
RouteID_d0e95908-0df5-48f8-8e8f-af44a04e6ad3,33.734375,33.688122,-117.847178,-118.01499
RouteID_d1565e9f-c2a9-451e-8d0d-f2407dbdfaa8,33.774125,33.688122,-117.847178,-118.035154
RouteID_d18407fd-f14d-44d0-ad83-be53fe07a4f0,33.688122,33.626384,-117.847178,-117.931849
RouteID_d1cd2e93-d7fc-4e69-a4e8-a59e1c07347f,33.688122,33.629914,-117.847178,-117.885813
RouteID_d208f5b0-e60e-4a7a-af1c-6cce62856747,33.918699,33.818739,-118.100089,-118.324843
RouteID_d245d6ab-351b-46d1-9bd1-54ee803c05ea,33.688122,33.623743,-117.673924,-117.847178
RouteID_d24614be-e5e0-49b9-9248-c1560c346013,33.691777,33.634173,-117.744478,-117.847178
RouteID_d3b9c5a8-e496-41c2-94ef-f79bc3593500,33.747191,33.688122,-117.847178,-117.91163
RouteID_d3ccfe39-48dc-44c0-b943-2b15395e4ca9,33.971531,33.948489,-117.58516,-117.653303
RouteID_d405eb42-2950-49b1-b09b-0f15df295a36,34.057341,33.937865,-117.254178,-117.29738
RouteID_d414af0a-e6df-465f-a9c9-2f63b1cb3aee,33.710512,33.65426,-117.597796,-117.847178
RouteID_d41b2f6c-9a35-4b62-b2ea-2c24c27ed875,33.965477,33.881226,-117.552955,-117.653303
RouteID_d45ea28d-d308-4918-b257-51bde4cb9407,33.693602,33.664723,-117.780501,-117.847178
RouteID_d55575e3-66ad-45e7-a45d-0345aa77e18b,33.778309,33.688122,-117.811689,-117.847178
RouteID_d5813d54-bbe9-48ce-a1d9-c7fa9ec77990,33.965477,33.925022,-117.653303,-117.693628
RouteID_d5a8a0d8-dfa6-43d6-bcc8-609498516b63,33.800023,33.688122,-117.847178,-117.998565
RouteID_d5b903a4-8c0f-4901-913e-53ecaebf52f5,33.688122,33.599264,-117.842088,-117.86657
RouteID_d5c9fc76-7d4f-45b8-8ad5-8790565ac07e,33.688122,33.64026,-117.767216,-117.847178
RouteID_d5cb817f-2298-4748-89fd-23a17d2a76ea,33.965477,33.918036,-117.653303,-117.873422
RouteID_d5ff239e-bc57-431d-882c-e66323902c63,33.753101,33.688122,-117.847178,-117.91367
RouteID_d6192137-6ba2-4baf-bb6f-e53a18acea66,33.965477,33.820146,-117.653303,-117.9127
RouteID_d6369ca9-e5a4-48d3-ac2c-f8293da01f84,33.688122,33.53013,-117.632441,-117.847178
RouteID_d65fd4f5-0ac1-4d83-b81f-eace712bb6d0,33.855504,33.688122,-117.847178,-118.017449
RouteID_d69d964b-4932-4265-a29b-347ab098cfc3,34.162332,33.965477,-117.63516,-117.673438
RouteID_d6b02255-bf1a-4b66-8faf-d98c8fe46efa,33.965477,33.862182,-117.653303,-117.814855
RouteID_d6e947cd-eb60-423e-bb08-2602c2f5f79e,33.688122,33.610198,-117.644037,-117.847178
RouteID_d6ff5f52-939d-4ca1-85ee-d28a19a8c225,33.965477,33.782653,-117.653303,-117.793096
RouteID_d70b1269-825c-416f-9976-d5ec8a534f1f,33.688122,33.588687,-117.73164,-117.847178
RouteID_d77822a2-ac0f-4c1e-971a-b385e965c105,33.733405,33.688122,-117.847178,-117.909007
RouteID_d7a3c805-a90f-4f46-9e65-9197abde9cbe,33.688122,33.568048,-117.690253,-117.847178
RouteID_d7ca2537-faa8-455f-a784-4a456d6413b3,33.965477,33.904982,-117.653303,-117.969822
RouteID_d85ecd2b-e6a1-4abf-8f70-4c4346e946c4,33.688122,33.554221,-117.576406,-117.847178
RouteID_d87cabbe-3de5-46ed-9f91-801c2f409456,33.715134,33.684014,-117.847178,-117.979668
RouteID_d90f2a0c-eb34-42fc-8b39-6c3f246a3ebc,33.965477,33.84744,-117.653303,-117.980327
RouteID_d95fc3b5-9fbd-4a65-afb8-aaa5fbf426cb,33.688122,33.470783,-117.71572,-117.847178
RouteID_da4a704f-2dd9-4ac7-b440-bf5304886537,33.965477,33.863849,-117.653303,-117.99658
RouteID_da4ab185-e137-4a8f-8a06-c234bb6156b3,33.688122,33.614667,-117.62579,-117.847178
RouteID_da90b76c-6986-4197-81fa-0e33aa51dd44,34.163446,33.965477,-117.493156,-117.653303
RouteID_daff925a-eab7-41a7-8f04-63ecbb4268fa,33.759239,33.688122,-117.847178,-118.132813
RouteID_db2fabad-18fe-4b98-a91d-dc5a0d515ad0,33.76543,33.688122,-117.847178,-118.152843
RouteID_db3c0395-e7bd-43fc-9ec1-7fe9a4e8cc30,33.688122,33.605889,-117.826768,-117.860298
RouteID_dc081f14-4cea-46e4-a940-8022ea78554b,33.688122,33.665011,-117.847178,-118.00811
RouteID_dc8feeb0-c5a9-45e1-816b-1741b19d7763,33.982009,33.948961,-117.569564,-117.653303
RouteID_dd195c27-a3f3-4217-9430-e6e4defff15e,33.987655,33.965477,-117.653303,-117.739881
RouteID_dd2f1f03-96e3-4db8-b169-9604a7126b35,33.6889,33.680876,-117.745953,-117.847178
RouteID_ddd409e4-cc8e-43ba-8b32-05f9b9ea238d,34.168673,33.965477,-117.446449,-117.653303
RouteID_de1995aa-4c01-4f7a-93a9-78911f35df12,33.965477,33.856932,-117.653303,-117.98714
RouteID_de4e7693-b0a7-4ae0-9264-20448c4b1fcb,34.109403,33.965477,-117.643958,-117.692858
RouteID_dea5cfe4-d47c-4891-bc51-338ffe126143,33.688122,33.664627,-117.847178,-118.017795
RouteID_debe7647-dc94-46b5-927b-a1777c7c18f4,33.763408,33.688122,-117.847178,-117.989781
RouteID_e025d335-2d29-4a05-8490-89397af81f20,33.802489,33.688122,-117.847178,-118.088654
RouteID_e0899330-23af-4657-a36d-b4b6e76518ac,33.965477,33.874784,-117.653303,-117.854252
RouteID_e0f7b95e-6be1-4560-b57e-5019a79b7992,33.688122,33.448267,-117.616462,-117.847178
RouteID_e1323fee-d501-4c30-9b79-dbd7cf142f19,33.965477,33.827878,-117.653303,-117.782554
RouteID_e20571c7-de1a-47f1-98e7-fded3e542bf7,33.746433,33.688122,-117.847178,-117.913181
RouteID_e2716c28-8167-45fe-9785-aa69265959e3,33.754701,33.688122,-117.847178,-117.913181
RouteID_e2c75c94-6652-4ca6-a0e5-9645180e313a,33.688122,33.506138,-117.67735,-117.847178
RouteID_e30a0c2c-98e9-4a8c-839c-c642ef54a66d,34.022586,33.965477,-117.653303,-117.773068
RouteID_e4b07a1f-18c8-4be6-b4c2-7cc69750250b,33.688122,33.590362,-117.674712,-117.847178
RouteID_e4f60dc4-86c9-4918-9fd3-e63b03ff87c1,33.688122,33.603183,-117.847178,-117.912436
RouteID_e545c3ac-acd9-477c-a995-2490564f1649,33.688122,33.627997,-117.847178,-117.885536
RouteID_e5804ac5-fbb9-46e8-ba58-3b77d08a2575,33.702917,33.680914,-117.726824,-117.847178
RouteID_e5df9458-6dbd-4126-8fce-306d49d377f1,33.688122,33.406385,-117.601655,-117.847178
RouteID_e62f4182-ec81-417d-82b0-3dac5ca38d4f,33.965477,33.87458,-117.653303,-117.854544
RouteID_e65d8e24-8f01-47d0-8045-f70b9799e21c,33.702917,33.680902,-117.726824,-117.847178
RouteID_e6b2af46-4a18-426d-9c87-513478543840,33.737605,33.688122,-117.747077,-117.847178
RouteID_e6cfb7a6-f59c-4ac1-af63-3d5b32a05824,33.965477,33.867939,-117.653303,-117.920686
RouteID_e6de8d28-7a55-4ae2-b189-3a199a52bb56,33.708605,33.688122,-117.714157,-117.847178
RouteID_e6ecd159-1bc9-4521-835c-a34ad21b0c21,33.974741,33.946781,-117.569564,-117.653303
RouteID_e7407307-44d1-493f-9ff0-0d9614dd31a7,33.688122,33.610194,-117.609409,-117.847178
RouteID_e7bc4983-219c-4b28-a26a-1bc21ee6636d,33.688122,33.64621,-117.608726,-117.847178
RouteID_e7d90bca-f04a-4502-bfb0-5914071b4712,33.688122,33.67046,-117.847178,-118.031289
RouteID_e8344812-c989-4853-9620-8e0913229dbe,33.770547,33.688122,-117.847178,-118.006276
RouteID_e89fb87d-9e11-46b7-9f4a-51b337cf7639,34.16445,33.965477,-117.563605,-117.653303
RouteID_e8bc8642-a1e2-4758-b127-fb29aff67fad,33.816098,33.688122,-117.847178,-117.989311
RouteID_e8dfdca8-6178-408b-adde-2d02e5349787,33.965477,33.851559,-117.653303,-117.987983
RouteID_e97b9afc-7b6d-4139-8d09-be696884e30c,33.918699,33.767398,-118.10598,-118.324843
RouteID_e987e6c1-7595-4ecf-8373-243c80645d1f,34.086574,33.965477,-117.653303,-117.709087
RouteID_eab2f503-0f54-4571-bb4a-402b71472c0c,33.978008,33.961437,-117.54993,-117.653303
RouteID_ead7418a-29a8-4444-9c54-82d43f3e1f1e,34.192979,33.965477,-117.405903,-117.653303
RouteID_eadb5681-af80-4df1-ac4f-1efe88dc5fea,33.688122,33.654284,-117.847178,-118.005534
RouteID_eb2b18af-1b7c-41e5-8b6e-fc868e7378ff,33.688122,33.619366,-117.809864,-117.847178
RouteID_eb435ecd-dec0-4e5d-b09e-c55cf7d1cf64,33.688122,33.651955,-117.847178,-117.996529
RouteID_ec593c47-5eff-41f0-8083-3ca1969a111c,33.976441,33.960715,-117.541349,-117.653303
RouteID_ec64bea5-a3de-4d77-b843-36281fa72877,33.765491,33.688122,-117.847178,-117.971078
RouteID_eca6987b-6276-47a1-828f-2c5222575b4c,33.965477,33.830196,-117.52452,-117.653303
RouteID_ecef556f-7ded-452e-845b-d332acf24c95,34.123147,33.965477,-117.577993,-117.653303
RouteID_ed095378-bdc1-41d3-bf83-973ae2478be0,33.965477,33.862484,-117.619828,-117.66314
RouteID_ed87eeb4-5688-444b-9f28-6807f8c11644,33.981659,33.947932,-117.569998,-117.653303
RouteID_edaa3359-77aa-45bb-bb84-094303306e00,33.965477,33.864246,-117.653303,-117.997107
RouteID_ee8302de-2543-4404-ab7a-7cc8c1560aa2,33.688122,33.617889,-117.697533,-117.847178
RouteID_ef54fa9b-2a83-48d9-baec-d40fd83e9936,33.965477,33.84219,-117.653303,-117.910081
RouteID_efe3a5cb-86a0-4697-b3bf-9fd41d05cf42,33.965477,33.832363,-117.653303,-117.98246
RouteID_f0a3238e-663e-48bc-9274-8b2fdb7226d4,33.937865,33.750285,-117.211105,-117.29738
RouteID_f0f30bd9-5127-4702-a4c2-f32de14440b5,33.965477,33.848903,-117.653303,-117.753265
RouteID_f0fcfb07-8650-4439-a3b5-4550b021980c,33.688122,33.61833,-117.689956,-117.847178
RouteID_f11ba600-40e9-471f-b82a-4a06e8b2d6b2,33.688122,33.506157,-117.747661,-117.847178
RouteID_f13e7728-f3ae-486a-902f-102be16ce71a,33.688122,33.6484,-117.820393,-117.847178
RouteID_f150fbbb-e8d6-44e0-aa75-1511091912e5,33.688122,33.632918,-117.826351,-117.848556
RouteID_f1a98a35-ba6a-4b29-ba5a-4502cd3c43a1,33.973906,33.852322,-117.653303,-117.851804
RouteID_f1d6d2ab-3a19-4f0c-8899-c5dfaa785208,33.688122,33.645378,-117.669283,-117.847178
RouteID_f21c3280-9979-4866-a3be-5c3bf533f6aa,33.703148,33.688053,-117.74218,-117.847178
RouteID_f2b9b9ca-325a-4165-afb2-c8ec8e8b55e9,33.965477,33.888519,-117.653303,-117.787818
RouteID_f33e2ef0-a3c1-4fd6-a7c3-fe909bbfdef7,33.688122,33.406371,-117.601655,-117.847178
RouteID_f33ea8dd-052a-4b82-983d-34ce88395fa5,33.688122,33.642967,-117.652986,-117.847178
RouteID_f3698a40-9b8b-4bb0-908c-6a36d982dee8,33.965477,33.913331,-117.653303,-117.951868
RouteID_f4dffc1f-2df6-4ef0-a913-55c4eedf1667,33.965477,33.868887,-117.653303,-117.95984
RouteID_f507f2de-bad0-4807-9115-bb9f1c21d49f,34.134449,33.965477,-117.570558,-117.653303
RouteID_f5160f5b-23fe-47ae-a857-4698c74153f2,33.688122,33.627068,-117.847178,-117.944867
RouteID_f53f895d-3c73-4798-b787-9890b7dcb23b,33.688122,33.529696,-117.598289,-117.847178
RouteID_f5ffef88-4aad-40ec-9861-590bf139f87c,33.783388,33.688122,-117.821082,-117.847178
RouteID_f6ce3ad1-71ba-4e54-b811-1cedd0e0a81b,33.967597,33.919379,-117.549821,-117.653303
RouteID_f6cf991e-9bb0-46b9-a07d-8192c2d29bb1,33.688122,33.63587,-117.682799,-117.847178
RouteID_f9148f94-763a-4f55-b22e-8c9e173479e2,34.175725,33.965477,-117.467109,-117.653303
RouteID_f95de58b-6dde-4f1f-8b5b-616dd48a8244,33.740063,33.688122,-117.791281,-117.847178
RouteID_f964e5d6-ab16-4fe7-84d5-4490646900b7,33.688122,33.613086,-117.648641,-117.847178
RouteID_f9a6ea66-7cee-4bbe-9cc7-f6c68c197508,33.987655,33.965477,-117.653303,-117.740475
RouteID_f9cabe15-4849-40e4-8cee-37b718e1431b,33.777777,33.688122,-117.839464,-117.87114
RouteID_fa4a3fcc-68e7-4acd-80de-6ca4bf1b0a9f,33.965477,33.880866,-117.653303,-117.881555
RouteID_fa9199aa-5eed-4f17-82fd-080acdcbb43d,33.965477,33.819017,-117.653303,-117.889192
RouteID_fadece5d-2666-4e97-9bc0-e9f8d931509a,33.965477,33.863038,-117.619813,-117.665865
RouteID_fb25c00e-ae06-47da-8384-3ca4c436c3da,33.965477,33.892593,-117.653303,-117.882142
RouteID_fb3735ff-b5e0-4936-adf2-16cde695ce45,33.918699,33.772461,-118.178701,-118.324843
RouteID_fb613ccd-4902-426f-8a33-338b6fe61456,33.757388,33.688122,-117.847178,-118.040161
RouteID_fc13e886-7abc-4dfc-804e-f63ffe3160ee,33.967672,33.931981,-117.549814,-117.653303
RouteID_fcad2913-98c7-44a8-ab08-0a9fb5e5b324,33.918699,33.79546,-118.188818,-118.324843
RouteID_fccc5eac-0af4-4a65-9764-42bf4f393a0f,33.96631,33.928882,-117.653303,-117.719494
RouteID_fd008e16-b033-4fc6-8e76-e5d809a1e90a,33.688122,33.639012,-117.60928,-117.847178
RouteID_fd0d87b1-d6ac-43df-abfa-e1f084a533d8,33.731571,33.688122,-117.755767,-117.847178
RouteID_fd0e16cf-10bc-43dd-a390-36fbea32cb30,33.965477,33.882821,-117.653303,-117.956253
RouteID_fd1ac099-0363-41c1-9645-c16b57c3fb55,33.965477,33.86843,-117.653303,-117.863259
RouteID_fd42ede5-4a48-4ec4-83f2-f06b586478a9,34.26586,34.210021,-118.58421,-118.848825
RouteID_fdfa5d8f-87cd-45ac-a837-11b15bdc6a47,33.688122,33.670734,-117.812242,-117.847178
RouteID_fe0a61a3-1eb2-4d56-811e-cdb8168fba37,33.970417,33.946812,-117.569998,-117.653303
RouteID_fe9d5d17-45c9-4e61-9e15-a8fb74f06be3,33.965477,33.827746,-117.653303,-117.876765
RouteID_fee60072-5ed1-4e8a-8054-85fec6ea726b,33.965477,33.830196,-117.533322,-117.653303
RouteID_ff6ac730-578d-4cf8-97c1-7337992e298b,33.965477,33.946777,-117.569564,-117.653303
RouteID_ff709338-da35-4864-ab32-6bcd8b75f953,33.965477,33.715218,-117.416581,-117.653303
