Route_ID,stop,type,lat,lon,zone_id
RouteID_1d916cbe-36b2-49af-8025-e086007be433,AA,Dropoff,34.014293,-117.74679,A-23.3A
RouteID_1d916cbe-36b2-49af-8025-e086007be433,AD,Dropoff,34.008684,-117.744874,A-22.2A
RouteID_1d916cbe-36b2-49af-8025-e086007be433,AJ,Dropoff,33.988439,-117.72967,A-22.2G
RouteID_1d916cbe-36b2-49af-8025-e086007be433,AL,Dropoff,33.997957,-117.738188,A-22.3E
RouteID_1d916cbe-36b2-49af-8025-e086007be433,AW,Dropoff,34.014562,-117.746491,A-23.3A
RouteID_1d916cbe-36b2-49af-8025-e086007be433,BB,Dropoff,34.009999,-117.736465,A-22.3D
RouteID_1d916cbe-36b2-49af-8025-e086007be433,BE,Dropoff,34.007981,-117.738659,A-22.3D
RouteID_1d916cbe-36b2-49af-8025-e086007be433,BJ,Dropoff,33.986988,-117.720135,A-22.1H
RouteID_1d916cbe-36b2-49af-8025-e086007be433,BK,Dropoff,34.003569,-117.73812,A-22.3C
RouteID_1d916cbe-36b2-49af-8025-e086007be433,BP,Dropoff,34.009041,-117.744231,A-22.2A
RouteID_1d916cbe-36b2-49af-8025-e086007be433,BQ,Dropoff,34.003806,-117.730696,A-22.1E
RouteID_1d916cbe-36b2-49af-8025-e086007be433,BU,Station,33.965477,-117.653303,nan
RouteID_1d916cbe-36b2-49af-8025-e086007be433,BV,Dropoff,34.011189,-117.750371,A-22.3B
RouteID_1d916cbe-36b2-49af-8025-e086007be433,CC,Dropoff,34.005492,-117.743364,A-22.1C
RouteID_1d916cbe-36b2-49af-8025-e086007be433,CD,Dropoff,34.008245,-117.740479,A-23.1A
RouteID_1d916cbe-36b2-49af-8025-e086007be433,CI,Dropoff,33.988195,-117.717816,A-22.1H
RouteID_1d916cbe-36b2-49af-8025-e086007be433,CL,Dropoff,34.00832,-117.739282,A-22.3D
RouteID_1d916cbe-36b2-49af-8025-e086007be433,CP,Dropoff,34.009934,-117.752612,A-22.1B
RouteID_1d916cbe-36b2-49af-8025-e086007be433,CT,Dropoff,34.009574,-117.737725,A-22.3D
RouteID_1d916cbe-36b2-49af-8025-e086007be433,DG,Dropoff,34.008257,-117.740586,A-23.1A
RouteID_1d916cbe-36b2-49af-8025-e086007be433,DJ,Dropoff,33.988635,-117.724495,A-22.2G
RouteID_1d916cbe-36b2-49af-8025-e086007be433,DO,Dropoff,33.99981,-117.734476,A-22.3E
RouteID_1d916cbe-36b2-49af-8025-e086007be433,DQ,Dropoff,34.005474,-117.741598,A-22.2C
RouteID_1d916cbe-36b2-49af-8025-e086007be433,DT,Dropoff,34.00927,-117.741442,A-23.1A
RouteID_1d916cbe-36b2-49af-8025-e086007be433,EE,Dropoff,33.992347,-117.739459,A-22.3G
RouteID_1d916cbe-36b2-49af-8025-e086007be433,EJ,Dropoff,34.01595,-117.747517,A-23.3B
RouteID_1d916cbe-36b2-49af-8025-e086007be433,EM,Dropoff,34.007466,-117.745931,A-22.1C
RouteID_1d916cbe-36b2-49af-8025-e086007be433,EN,Dropoff,34.015004,-117.748379,A-23.3B
RouteID_1d916cbe-36b2-49af-8025-e086007be433,EP,Dropoff,33.988446,-117.726901,A-22.2G
RouteID_1d916cbe-36b2-49af-8025-e086007be433,EW,Dropoff,34.009982,-117.752957,A-22.1B
RouteID_1d916cbe-36b2-49af-8025-e086007be433,EY,Dropoff,34.003574,-117.738001,A-22.3C
RouteID_1d916cbe-36b2-49af-8025-e086007be433,FA,Dropoff,34.005911,-117.740675,A-22.2C
RouteID_1d916cbe-36b2-49af-8025-e086007be433,FB,Dropoff,34.0038,-117.734921,A-22.3C
RouteID_1d916cbe-36b2-49af-8025-e086007be433,FD,Dropoff,34.000355,-117.739696,A-22.3E
RouteID_1d916cbe-36b2-49af-8025-e086007be433,FH,Dropoff,34.011866,-117.749357,A-22.2B
RouteID_1d916cbe-36b2-49af-8025-e086007be433,FL,Dropoff,33.997985,-117.737461,A-22.3E
RouteID_1d916cbe-36b2-49af-8025-e086007be433,FM,Dropoff,33.989347,-117.721665,A-22.2G
RouteID_1d916cbe-36b2-49af-8025-e086007be433,FO,Dropoff,33.9895,-117.729687,A-22.2G
RouteID_1d916cbe-36b2-49af-8025-e086007be433,FP,Dropoff,34.01202,-117.742414,A-23.1A
RouteID_1d916cbe-36b2-49af-8025-e086007be433,FS,Dropoff,34.004605,-117.740055,A-22.3C
RouteID_1d916cbe-36b2-49af-8025-e086007be433,FY,Dropoff,34.01425,-117.749827,A-23.3B
RouteID_1d916cbe-36b2-49af-8025-e086007be433,GK,Dropoff,33.998525,-117.740029,A-22.3E
RouteID_1d916cbe-36b2-49af-8025-e086007be433,GM,Dropoff,34.009729,-117.746169,A-22.3A
RouteID_1d916cbe-36b2-49af-8025-e086007be433,GN,Dropoff,34.004686,-117.73155,A-22.1E
RouteID_1d916cbe-36b2-49af-8025-e086007be433,GO,Dropoff,34.011124,-117.744223,A-22.3A
RouteID_1d916cbe-36b2-49af-8025-e086007be433,GR,Dropoff,34.006221,-117.74114,A-22.2C
RouteID_1d916cbe-36b2-49af-8025-e086007be433,GV,Dropoff,33.997811,-117.73382,A-22.3E
RouteID_1d916cbe-36b2-49af-8025-e086007be433,GW,Dropoff,33.99911,-117.739739,A-22.3E
RouteID_1d916cbe-36b2-49af-8025-e086007be433,HB,Dropoff,34.005548,-117.735387,A-22.1D
RouteID_1d916cbe-36b2-49af-8025-e086007be433,HE,Dropoff,33.994843,-117.741713,A-22.3G
RouteID_1d916cbe-36b2-49af-8025-e086007be433,HH,Dropoff,33.988017,-117.720549,A-22.1H
RouteID_1d916cbe-36b2-49af-8025-e086007be433,HO,Dropoff,33.987564,-117.72037,A-22.1H
RouteID_1d916cbe-36b2-49af-8025-e086007be433,HP,Dropoff,34.004304,-117.73838,A-22.3C
RouteID_1d916cbe-36b2-49af-8025-e086007be433,HT,Dropoff,34.003637,-117.737626,A-22.3C
RouteID_1d916cbe-36b2-49af-8025-e086007be433,HU,Dropoff,34.00098,-117.738121,A-22.2E
RouteID_1d916cbe-36b2-49af-8025-e086007be433,HX,Dropoff,33.988078,-117.717421,A-22.1H
RouteID_1d916cbe-36b2-49af-8025-e086007be433,IG,Dropoff,33.999062,-117.737415,A-22.3E
RouteID_1d916cbe-36b2-49af-8025-e086007be433,II,Dropoff,34.012516,-117.747952,A-22.2B
RouteID_1d916cbe-36b2-49af-8025-e086007be433,IJ,Dropoff,34.006157,-117.734413,A-22.1D
RouteID_1d916cbe-36b2-49af-8025-e086007be433,IK,Dropoff,34.001555,-117.737995,A-22.2E
RouteID_1d916cbe-36b2-49af-8025-e086007be433,IM,Dropoff,34.015777,-117.747611,A-23.3B
RouteID_1d916cbe-36b2-49af-8025-e086007be433,IO,Dropoff,34.010101,-117.748893,A-22.2B
RouteID_1d916cbe-36b2-49af-8025-e086007be433,IQ,Dropoff,34.016199,-117.74785,A-23.3B
RouteID_1d916cbe-36b2-49af-8025-e086007be433,JA,Dropoff,34.007263,-117.73624,A-22.1D
RouteID_1d916cbe-36b2-49af-8025-e086007be433,JQ,Dropoff,34.006946,-117.731334,A-22.1E
RouteID_1d916cbe-36b2-49af-8025-e086007be433,JT,Dropoff,34.008344,-117.745485,A-22.2A
RouteID_1d916cbe-36b2-49af-8025-e086007be433,KD,Dropoff,33.987319,-117.720503,A-22.1H
RouteID_1d916cbe-36b2-49af-8025-e086007be433,KI,Dropoff,34.005841,-117.730372,A-22.1E
RouteID_1d916cbe-36b2-49af-8025-e086007be433,KJ,Dropoff,34.014246,-117.748927,A-23.2A
RouteID_1d916cbe-36b2-49af-8025-e086007be433,KL,Dropoff,34.007768,-117.748686,A-22.1C
RouteID_1d916cbe-36b2-49af-8025-e086007be433,KO,Dropoff,34.005288,-117.732839,A-22.1D
RouteID_1d916cbe-36b2-49af-8025-e086007be433,KQ,Dropoff,34.004119,-117.736473,A-22.3C
RouteID_1d916cbe-36b2-49af-8025-e086007be433,KR,Dropoff,34.010408,-117.748779,A-22.2B
RouteID_1d916cbe-36b2-49af-8025-e086007be433,KT,Dropoff,34.007805,-117.734149,A-22.2D
RouteID_1d916cbe-36b2-49af-8025-e086007be433,KW,Dropoff,34.014525,-117.748416,A-23.3B
RouteID_1d916cbe-36b2-49af-8025-e086007be433,LE,Dropoff,34.009685,-117.749906,A-22.2B
RouteID_1d916cbe-36b2-49af-8025-e086007be433,LF,Dropoff,34.012514,-117.748548,A-22.2B
RouteID_1d916cbe-36b2-49af-8025-e086007be433,LO,Dropoff,34.006465,-117.750887,A-22.1B
RouteID_1d916cbe-36b2-49af-8025-e086007be433,LW,Dropoff,34.007744,-117.748045,A-22.1C
RouteID_1d916cbe-36b2-49af-8025-e086007be433,MF,Dropoff,33.991139,-117.71513,A-22.2H
RouteID_1d916cbe-36b2-49af-8025-e086007be433,MG,Dropoff,34.008321,-117.74227,A-22.2A
RouteID_1d916cbe-36b2-49af-8025-e086007be433,MI,Dropoff,34.008227,-117.740605,A-22.1A
RouteID_1d916cbe-36b2-49af-8025-e086007be433,MN,Dropoff,34.005421,-117.73337,A-22.1D
RouteID_1d916cbe-36b2-49af-8025-e086007be433,ND,Dropoff,34.006792,-117.734419,A-22.1D
RouteID_1d916cbe-36b2-49af-8025-e086007be433,NE,Dropoff,34.016673,-117.748245,A-23.3B
RouteID_1d916cbe-36b2-49af-8025-e086007be433,NG,Dropoff,34.006195,-117.730598,A-22.1E
RouteID_1d916cbe-36b2-49af-8025-e086007be433,NJ,Dropoff,34.007218,-117.750728,A-22.1B
RouteID_1d916cbe-36b2-49af-8025-e086007be433,NK,Dropoff,34.012121,-117.740829,A-23.1A
RouteID_1d916cbe-36b2-49af-8025-e086007be433,NO,Dropoff,33.989426,-117.717284,A-22.1G
RouteID_1d916cbe-36b2-49af-8025-e086007be433,OC,Dropoff,34.010292,-117.739401,A-22.3D
RouteID_1d916cbe-36b2-49af-8025-e086007be433,OD,Dropoff,34.010426,-117.74539,A-22.3A
RouteID_1d916cbe-36b2-49af-8025-e086007be433,OL,Dropoff,33.998782,-117.732619,A-22.3G
RouteID_1d916cbe-36b2-49af-8025-e086007be433,OM,Dropoff,34.01209,-117.746029,A-23.2A
RouteID_1d916cbe-36b2-49af-8025-e086007be433,ON,Dropoff,34.0078,-117.746899,A-22.1C
RouteID_1d916cbe-36b2-49af-8025-e086007be433,OP,Dropoff,33.997687,-117.73978,A-22.3E
RouteID_1d916cbe-36b2-49af-8025-e086007be433,OQ,Dropoff,33.997216,-117.716104,A-22.2H
RouteID_1d916cbe-36b2-49af-8025-e086007be433,OT,Dropoff,33.989328,-117.722133,A-22.2G
RouteID_1d916cbe-36b2-49af-8025-e086007be433,OZ,Dropoff,33.993736,-117.739456,A-22.3G
RouteID_1d916cbe-36b2-49af-8025-e086007be433,PG,Dropoff,33.989327,-117.716914,A-22.1G
RouteID_1d916cbe-36b2-49af-8025-e086007be433,PH,Dropoff,33.989407,-117.718826,A-22.1G
RouteID_1d916cbe-36b2-49af-8025-e086007be433,PI,Dropoff,33.998385,-117.736348,A-22.3E
RouteID_1d916cbe-36b2-49af-8025-e086007be433,PJ,Dropoff,34.006962,-117.736971,A-22.1D
RouteID_1d916cbe-36b2-49af-8025-e086007be433,PQ,Dropoff,34.006296,-117.734553,A-22.1D
RouteID_1d916cbe-36b2-49af-8025-e086007be433,QC,Dropoff,33.98971,-117.712423,A-22.2H
RouteID_1d916cbe-36b2-49af-8025-e086007be433,QD,Dropoff,34.015011,-117.743797,A-23.3A
RouteID_1d916cbe-36b2-49af-8025-e086007be433,QE,Dropoff,34.008814,-117.735199,A-22.2D
RouteID_1d916cbe-36b2-49af-8025-e086007be433,QF,Dropoff,34.015343,-117.74976,A-23.3B
RouteID_1d916cbe-36b2-49af-8025-e086007be433,QH,Dropoff,34.016856,-117.749594,A-23.3B
RouteID_1d916cbe-36b2-49af-8025-e086007be433,QM,Dropoff,33.989299,-117.723047,A-22.2G
RouteID_1d916cbe-36b2-49af-8025-e086007be433,QP,Dropoff,34.013995,-117.747276,A-23.2A
RouteID_1d916cbe-36b2-49af-8025-e086007be433,QQ,Dropoff,33.99269,-117.715143,A-22.2H
RouteID_1d916cbe-36b2-49af-8025-e086007be433,QT,Dropoff,34.011035,-117.742218,A-23.1A
RouteID_1d916cbe-36b2-49af-8025-e086007be433,QX,Dropoff,34.004022,-117.735827,A-22.3C
RouteID_1d916cbe-36b2-49af-8025-e086007be433,QZ,Dropoff,33.998294,-117.735379,A-22.3E
RouteID_1d916cbe-36b2-49af-8025-e086007be433,RL,Dropoff,33.998028,-117.737539,A-22.3E
RouteID_1d916cbe-36b2-49af-8025-e086007be433,RR,Dropoff,33.990399,-117.743281,A-22.3G
RouteID_1d916cbe-36b2-49af-8025-e086007be433,RW,Dropoff,34.000988,-117.736224,A-22.2E
RouteID_1d916cbe-36b2-49af-8025-e086007be433,RZ,Dropoff,34.008224,-117.733071,A-22.2D
RouteID_1d916cbe-36b2-49af-8025-e086007be433,SO,Dropoff,34.006373,-117.735491,A-22.1D
RouteID_1d916cbe-36b2-49af-8025-e086007be433,SZ,Dropoff,34.008516,-117.738082,A-22.3D
RouteID_1d916cbe-36b2-49af-8025-e086007be433,TC,Dropoff,33.998336,-117.723825,A-22.2E
RouteID_1d916cbe-36b2-49af-8025-e086007be433,TH,Dropoff,34.009529,-117.743335,A-22.2A
RouteID_1d916cbe-36b2-49af-8025-e086007be433,TL,Dropoff,34.004407,-117.741673,A-22.1C
RouteID_1d916cbe-36b2-49af-8025-e086007be433,TV,Dropoff,33.997213,-117.713182,A-22.2H
RouteID_1d916cbe-36b2-49af-8025-e086007be433,TW,Dropoff,34.006421,-117.750574,A-22.1B
RouteID_1d916cbe-36b2-49af-8025-e086007be433,UA,Dropoff,33.994564,-117.715159,A-22.2H
RouteID_1d916cbe-36b2-49af-8025-e086007be433,UB,Dropoff,34.016186,-117.747831,A-23.3B
RouteID_1d916cbe-36b2-49af-8025-e086007be433,UK,Dropoff,34.008328,-117.752238,A-22.1B
RouteID_1d916cbe-36b2-49af-8025-e086007be433,UO,Dropoff,34.003847,-117.729857,A-22.1E
RouteID_1d916cbe-36b2-49af-8025-e086007be433,VB,Dropoff,34.008368,-117.74385,A-22.2A
RouteID_1d916cbe-36b2-49af-8025-e086007be433,VG,Dropoff,34.005011,-117.730029,A-22.1E
RouteID_1d916cbe-36b2-49af-8025-e086007be433,VP,Dropoff,33.988511,-117.72541,A-22.2G
RouteID_1d916cbe-36b2-49af-8025-e086007be433,VQ,Dropoff,34.006972,-117.745978,A-22.1C
RouteID_1d916cbe-36b2-49af-8025-e086007be433,VT,Dropoff,34.010933,-117.750833,A-22.3B
RouteID_1d916cbe-36b2-49af-8025-e086007be433,VZ,Dropoff,34.00709,-117.744732,A-22.1C
RouteID_1d916cbe-36b2-49af-8025-e086007be433,WE,Dropoff,34.006375,-117.750214,A-22.1B
RouteID_1d916cbe-36b2-49af-8025-e086007be433,WQ,Dropoff,33.987164,-117.71793,A-22.1H
RouteID_1d916cbe-36b2-49af-8025-e086007be433,XI,Dropoff,34.009842,-117.749882,A-22.2B
RouteID_1d916cbe-36b2-49af-8025-e086007be433,XK,Dropoff,34.009336,-117.751204,A-22.1B
RouteID_1d916cbe-36b2-49af-8025-e086007be433,XM,Dropoff,34.008902,-117.73865,A-22.3D
RouteID_1d916cbe-36b2-49af-8025-e086007be433,XT,Dropoff,33.988572,-117.720549,A-22.1G
RouteID_1d916cbe-36b2-49af-8025-e086007be433,XX,Dropoff,34.004763,-117.742168,A-22.1C
RouteID_1d916cbe-36b2-49af-8025-e086007be433,YG,Dropoff,34.012276,-117.738694,A-22.3D
RouteID_1d916cbe-36b2-49af-8025-e086007be433,YH,Dropoff,34.00692,-117.748677,A-22.1C
RouteID_1d916cbe-36b2-49af-8025-e086007be433,YJ,Dropoff,34.005191,-117.739035,A-22.3C
RouteID_1d916cbe-36b2-49af-8025-e086007be433,YM,Dropoff,34.006376,-117.740681,A-22.2C
RouteID_1d916cbe-36b2-49af-8025-e086007be433,YQ,Dropoff,34.009966,-117.744814,A-22.3A
RouteID_1d916cbe-36b2-49af-8025-e086007be433,YX,Dropoff,34.013203,-117.745031,A-23.2A
RouteID_1d916cbe-36b2-49af-8025-e086007be433,YZ,Dropoff,34.014954,-117.747471,A-23.3A
RouteID_1d916cbe-36b2-49af-8025-e086007be433,ZA,Dropoff,34.000987,-117.737136,A-22.2E
RouteID_1d916cbe-36b2-49af-8025-e086007be433,ZJ,Dropoff,34.011025,-117.744938,A-22.3A
RouteID_1d916cbe-36b2-49af-8025-e086007be433,ZO,Dropoff,34.006568,-117.733662,A-22.1D
RouteID_1d916cbe-36b2-49af-8025-e086007be433,ZR,Dropoff,33.987231,-117.718819,A-22.1H
RouteID_1d916cbe-36b2-49af-8025-e086007be433,ZV,Dropoff,34.008971,-117.748164,A-22.3A
RouteID_1d916cbe-36b2-49af-8025-e086007be433,ZX,Dropoff,34.00906,-117.743705,A-22.2A
RouteID_1d6a4033-59f4-4930-bbcc-ce4245b001bc,AF,Dropoff,33.87097,-117.956541,E-1.2J
RouteID_1d6a4033-59f4-4930-bbcc-ce4245b001bc,AU,Dropoff,33.876383,-117.930724,E-1.2E
RouteID_1d6a4033-59f4-4930-bbcc-ce4245b001bc,AY,Dropoff,33.874611,-117.953689,E-1.3H
RouteID_1d6a4033-59f4-4930-bbcc-ce4245b001bc,BC,Dropoff,33.872893,-117.93754,E-2.3H
RouteID_1d6a4033-59f4-4930-bbcc-ce4245b001bc,BD,Dropoff,33.881139,-117.93572,E-1.2C
RouteID_1d6a4033-59f4-4930-bbcc-ce4245b001bc,BE,Dropoff,33.872988,-117.956191,E-1.2J
RouteID_1d6a4033-59f4-4930-bbcc-ce4245b001bc,BF,Dropoff,33.881131,-117.938537,E-1.2C
RouteID_1d6a4033-59f4-4930-bbcc-ce4245b001bc,BP,Dropoff,33.876567,-117.937081,E-1.1C
RouteID_1d6a4033-59f4-4930-bbcc-ce4245b001bc,BR,Dropoff,33.87872,-117.930922,E-1.2D
RouteID_1d6a4033-59f4-4930-bbcc-ce4245b001bc,BT,Dropoff,33.870973,-117.955197,E-1.2J
RouteID_1d6a4033-59f4-4930-bbcc-ce4245b001bc,BW,Dropoff,33.879498,-117.939383,E-1.1B
RouteID_1d6a4033-59f4-4930-bbcc-ce4245b001bc,BY,Dropoff,33.876372,-117.932693,E-1.2E
RouteID_1d6a4033-59f4-4930-bbcc-ce4245b001bc,CH,Dropoff,33.875976,-117.946684,E-1.1G
RouteID_1d6a4033-59f4-4930-bbcc-ce4245b001bc,CN,Dropoff,33.875419,-117.941134,E-1.2G
RouteID_1d6a4033-59f4-4930-bbcc-ce4245b001bc,CP,Dropoff,33.874514,-117.926921,E-1.1E
RouteID_1d6a4033-59f4-4930-bbcc-ce4245b001bc,CQ,Dropoff,33.884109,-117.931127,E-1.3D
RouteID_1d6a4033-59f4-4930-bbcc-ce4245b001bc,CT,Dropoff,33.877387,-117.941037,E-1.1B
RouteID_1d6a4033-59f4-4930-bbcc-ce4245b001bc,DB,Dropoff,33.876444,-117.935322,E-1.3G
RouteID_1d6a4033-59f4-4930-bbcc-ce4245b001bc,DH,Dropoff,33.877282,-117.931179,E-1.2D
RouteID_1d6a4033-59f4-4930-bbcc-ce4245b001bc,DI,Dropoff,33.87275,-117.951777,E-1.2H
RouteID_1d6a4033-59f4-4930-bbcc-ce4245b001bc,DO,Dropoff,33.872754,-117.944917,E-2.2J
RouteID_1d6a4033-59f4-4930-bbcc-ce4245b001bc,DP,Dropoff,33.881129,-117.937876,E-1.2C
RouteID_1d6a4033-59f4-4930-bbcc-ce4245b001bc,DR,Dropoff,33.87451,-117.92727,E-1.1E
RouteID_1d6a4033-59f4-4930-bbcc-ce4245b001bc,DY,Dropoff,33.875718,-117.936242,E-1.3G
RouteID_1d6a4033-59f4-4930-bbcc-ce4245b001bc,EG,Dropoff,33.871175,-117.956128,E-1.2J
RouteID_1d6a4033-59f4-4930-bbcc-ce4245b001bc,EJ,Dropoff,33.880035,-117.941058,E-1.1B
RouteID_1d6a4033-59f4-4930-bbcc-ce4245b001bc,EN,Dropoff,33.874951,-117.956826,E-1.3J
RouteID_1d6a4033-59f4-4930-bbcc-ce4245b001bc,EO,Dropoff,33.880343,-117.932418,E-1.3C
RouteID_1d6a4033-59f4-4930-bbcc-ce4245b001bc,EQ,Dropoff,33.881519,-117.930162,E-1.3D
RouteID_1d6a4033-59f4-4930-bbcc-ce4245b001bc,ER,Dropoff,33.874463,-117.932408,E-1.3E
RouteID_1d6a4033-59f4-4930-bbcc-ce4245b001bc,ES,Dropoff,33.872561,-117.947772,E-1.1H
RouteID_1d6a4033-59f4-4930-bbcc-ce4245b001bc,ET,Dropoff,33.87395,-117.956529,E-1.3J
RouteID_1d6a4033-59f4-4930-bbcc-ce4245b001bc,EV,Dropoff,33.874457,-117.933479,E-1.3E
RouteID_1d6a4033-59f4-4930-bbcc-ce4245b001bc,EW,Dropoff,33.872569,-117.956131,E-1.2J
RouteID_1d6a4033-59f4-4930-bbcc-ce4245b001bc,FB,Dropoff,33.875794,-117.937591,E-1.3G
RouteID_1d6a4033-59f4-4930-bbcc-ce4245b001bc,FK,Dropoff,33.873601,-117.95072,E-1.2H
RouteID_1d6a4033-59f4-4930-bbcc-ce4245b001bc,FR,Dropoff,33.870171,-117.949427,E-1.1J
RouteID_1d6a4033-59f4-4930-bbcc-ce4245b001bc,FS,Dropoff,33.880088,-117.931331,E-1.3D
RouteID_1d6a4033-59f4-4930-bbcc-ce4245b001bc,FT,Dropoff,33.87719,-117.934845,E-1.3G
RouteID_1d6a4033-59f4-4930-bbcc-ce4245b001bc,GA,Dropoff,33.880322,-117.9336,E-1.1C
RouteID_1d6a4033-59f4-4930-bbcc-ce4245b001bc,GL,Dropoff,33.878471,-117.932192,E-1.3D
RouteID_1d6a4033-59f4-4930-bbcc-ce4245b001bc,GO,Dropoff,33.875577,-117.958026,E-1.3J
RouteID_1d6a4033-59f4-4930-bbcc-ce4245b001bc,GP,Dropoff,33.873819,-117.94516,E-2.2J
RouteID_1d6a4033-59f4-4930-bbcc-ce4245b001bc,GS,Dropoff,33.874955,-117.937587,E-1.3G
RouteID_1d6a4033-59f4-4930-bbcc-ce4245b001bc,HB,Dropoff,33.876768,-117.934284,nan
RouteID_1d6a4033-59f4-4930-bbcc-ce4245b001bc,HD,Dropoff,33.873478,-117.951781,E-1.2H
RouteID_1d6a4033-59f4-4930-bbcc-ce4245b001bc,HE,Dropoff,33.881358,-117.938923,E-1.2C
RouteID_1d6a4033-59f4-4930-bbcc-ce4245b001bc,HG,Dropoff,33.883728,-117.934696,E-1.3C
RouteID_1d6a4033-59f4-4930-bbcc-ce4245b001bc,HS,Dropoff,33.869337,-117.944313,E-2.1J
RouteID_1d6a4033-59f4-4930-bbcc-ce4245b001bc,HX,Dropoff,33.869209,-117.944494,E-2.1J
RouteID_1d6a4033-59f4-4930-bbcc-ce4245b001bc,IC,Dropoff,33.876306,-117.940487,E-1.2G
RouteID_1d6a4033-59f4-4930-bbcc-ce4245b001bc,IJ,Dropoff,33.875406,-117.931743,E-1.2E
RouteID_1d6a4033-59f4-4930-bbcc-ce4245b001bc,IK,Dropoff,33.87727,-117.928428,E-1.1D
RouteID_1d6a4033-59f4-4930-bbcc-ce4245b001bc,IO,Dropoff,33.87503,-117.939604,E-1.2G
RouteID_1d6a4033-59f4-4930-bbcc-ce4245b001bc,IS,Dropoff,33.872918,-117.949706,E-1.1H
RouteID_1d6a4033-59f4-4930-bbcc-ce4245b001bc,JF,Dropoff,33.878671,-117.933212,E-1.3C
RouteID_1d6a4033-59f4-4930-bbcc-ce4245b001bc,JH,Dropoff,33.875543,-117.933215,E-1.2E
RouteID_1d6a4033-59f4-4930-bbcc-ce4245b001bc,JI,Dropoff,33.87461,-117.9441,E-2.2J
RouteID_1d6a4033-59f4-4930-bbcc-ce4245b001bc,JJ,Dropoff,33.871589,-117.943068,E-2.3J
RouteID_1d6a4033-59f4-4930-bbcc-ce4245b001bc,JM,Dropoff,33.873741,-117.95272,E-1.3H
RouteID_1d6a4033-59f4-4930-bbcc-ce4245b001bc,JR,Dropoff,33.874478,-117.951785,E-1.2H
RouteID_1d6a4033-59f4-4930-bbcc-ce4245b001bc,JX,Dropoff,33.880095,-117.936093,E-1.1C
RouteID_1d6a4033-59f4-4930-bbcc-ce4245b001bc,KC,Dropoff,33.884643,-117.934032,E-1.3C
RouteID_1d6a4033-59f4-4930-bbcc-ce4245b001bc,KE,Dropoff,33.87453,-117.955618,E-1.3J
RouteID_1d6a4033-59f4-4930-bbcc-ce4245b001bc,KH,Dropoff,33.874184,-117.947794,E-1.1H
RouteID_1d6a4033-59f4-4930-bbcc-ce4245b001bc,KK,Dropoff,33.873808,-117.945969,E-2.2J
RouteID_1d6a4033-59f4-4930-bbcc-ce4245b001bc,KP,Dropoff,33.87728,-117.930588,E-1.2D
RouteID_1d6a4033-59f4-4930-bbcc-ce4245b001bc,KW,Dropoff,33.881137,-117.936219,nan
RouteID_1d6a4033-59f4-4930-bbcc-ce4245b001bc,LB,Dropoff,33.880867,-117.931058,E-1.3D
RouteID_1d6a4033-59f4-4930-bbcc-ce4245b001bc,LG,Dropoff,33.875409,-117.92927,E-1.2E
RouteID_1d6a4033-59f4-4930-bbcc-ce4245b001bc,LH,Dropoff,33.877797,-117.942058,E-1.2G
RouteID_1d6a4033-59f4-4930-bbcc-ce4245b001bc,LI,Dropoff,33.871289,-117.940949,E-2.3J
RouteID_1d6a4033-59f4-4930-bbcc-ce4245b001bc,LK,Dropoff,33.86921,-117.94232,E-2.1J
RouteID_1d6a4033-59f4-4930-bbcc-ce4245b001bc,LO,Dropoff,33.875475,-117.940129,E-1.2G
RouteID_1d6a4033-59f4-4930-bbcc-ce4245b001bc,LU,Dropoff,33.874833,-117.957556,E-1.3J
RouteID_1d6a4033-59f4-4930-bbcc-ce4245b001bc,LX,Dropoff,33.871122,-117.944717,E-2.1J
RouteID_1d6a4033-59f4-4930-bbcc-ce4245b001bc,ME,Dropoff,33.875391,-117.940421,E-1.2G
RouteID_1d6a4033-59f4-4930-bbcc-ce4245b001bc,MJ,Dropoff,33.87109,-117.948538,E-1.2H
RouteID_1d6a4033-59f4-4930-bbcc-ce4245b001bc,MN,Dropoff,33.871841,-117.94086,E-2.3J
RouteID_1d6a4033-59f4-4930-bbcc-ce4245b001bc,MO,Dropoff,33.872434,-117.957415,E-1.2J
RouteID_1d6a4033-59f4-4930-bbcc-ce4245b001bc,MQ,Dropoff,33.872212,-117.939944,E-2.3H
RouteID_1d6a4033-59f4-4930-bbcc-ce4245b001bc,MW,Dropoff,33.872371,-117.948418,E-1.1H
RouteID_1d6a4033-59f4-4930-bbcc-ce4245b001bc,NC,Dropoff,33.880121,-117.932606,E-1.3C
RouteID_1d6a4033-59f4-4930-bbcc-ce4245b001bc,NR,Dropoff,33.874668,-117.958469,E-1.3J
RouteID_1d6a4033-59f4-4930-bbcc-ce4245b001bc,NS,Dropoff,33.879309,-117.929761,E-1.2D
RouteID_1d6a4033-59f4-4930-bbcc-ce4245b001bc,NU,Dropoff,33.873539,-117.938642,E-2.3H
RouteID_1d6a4033-59f4-4930-bbcc-ce4245b001bc,OB,Dropoff,33.872247,-117.936863,E-2.3H
RouteID_1d6a4033-59f4-4930-bbcc-ce4245b001bc,OR,Dropoff,33.873195,-117.957837,E-1.3J
RouteID_1d6a4033-59f4-4930-bbcc-ce4245b001bc,PB,Dropoff,33.87145,-117.954211,E-1.1J
RouteID_1d6a4033-59f4-4930-bbcc-ce4245b001bc,PC,Dropoff,33.871601,-117.956147,nan
RouteID_1d6a4033-59f4-4930-bbcc-ce4245b001bc,PE,Dropoff,33.874606,-117.944579,E-2.2J
RouteID_1d6a4033-59f4-4930-bbcc-ce4245b001bc,PF,Dropoff,33.879366,-117.939792,E-1.1B
RouteID_1d6a4033-59f4-4930-bbcc-ce4245b001bc,PO,Dropoff,33.87799,-117.937283,E-1.1C
RouteID_1d6a4033-59f4-4930-bbcc-ce4245b001bc,PQ,Dropoff,33.876406,-117.927046,E-1.1D
RouteID_1d6a4033-59f4-4930-bbcc-ce4245b001bc,PX,Dropoff,33.879015,-117.928252,E-1.2D
RouteID_1d6a4033-59f4-4930-bbcc-ce4245b001bc,QB,Dropoff,33.871091,-117.949442,E-1.2H
RouteID_1d6a4033-59f4-4930-bbcc-ce4245b001bc,QD,Dropoff,33.88031,-117.939902,E-1.1B
RouteID_1d6a4033-59f4-4930-bbcc-ce4245b001bc,QE,Dropoff,33.879114,-117.935821,E-1.1C
RouteID_1d6a4033-59f4-4930-bbcc-ce4245b001bc,QK,Dropoff,33.8758,-117.943831,E-1.1G
RouteID_1d6a4033-59f4-4930-bbcc-ce4245b001bc,QM,Dropoff,33.877981,-117.941032,E-1.1B
RouteID_1d6a4033-59f4-4930-bbcc-ce4245b001bc,QN,Dropoff,33.880085,-117.937047,E-1.1C
RouteID_1d6a4033-59f4-4930-bbcc-ce4245b001bc,RD,Dropoff,33.876389,-117.93008,E-1.2E
RouteID_1d6a4033-59f4-4930-bbcc-ce4245b001bc,RJ,Dropoff,33.874505,-117.927819,E-1.1E
RouteID_1d6a4033-59f4-4930-bbcc-ce4245b001bc,RN,Dropoff,33.872629,-117.953669,E-1.3H
RouteID_1d6a4033-59f4-4930-bbcc-ce4245b001bc,RP,Dropoff,33.876843,-117.936189,E-1.1C
RouteID_1d6a4033-59f4-4930-bbcc-ce4245b001bc,SN,Dropoff,33.872081,-117.958388,E-1.2J
RouteID_1d6a4033-59f4-4930-bbcc-ce4245b001bc,SV,Station,33.965477,-117.653303,nan
RouteID_1d6a4033-59f4-4930-bbcc-ce4245b001bc,SZ,Dropoff,33.883266,-117.931367,E-1.3D
RouteID_1d6a4033-59f4-4930-bbcc-ce4245b001bc,TD,Dropoff,33.874429,-117.936429,E-1.3G
RouteID_1d6a4033-59f4-4930-bbcc-ce4245b001bc,TK,Dropoff,33.872653,-117.948735,E-1.1H
RouteID_1d6a4033-59f4-4930-bbcc-ce4245b001bc,TM,Dropoff,33.873771,-117.95282,E-1.3H
RouteID_1d6a4033-59f4-4930-bbcc-ce4245b001bc,TP,Dropoff,33.877521,-117.932213,E-1.3D
RouteID_1d6a4033-59f4-4930-bbcc-ce4245b001bc,TR,Dropoff,33.882999,-117.934255,E-1.3C
RouteID_1d6a4033-59f4-4930-bbcc-ce4245b001bc,TT,Dropoff,33.877969,-117.936267,E-1.1C
RouteID_1d6a4033-59f4-4930-bbcc-ce4245b001bc,TU,Dropoff,33.876373,-117.931933,E-1.2E
RouteID_1d6a4033-59f4-4930-bbcc-ce4245b001bc,UA,Dropoff,33.877454,-117.943853,E-1.1G
RouteID_1d6a4033-59f4-4930-bbcc-ce4245b001bc,UN,Dropoff,33.8728,-117.952712,E-1.3H
RouteID_1d6a4033-59f4-4930-bbcc-ce4245b001bc,UO,Dropoff,33.871561,-117.9516,E-1.1J
RouteID_1d6a4033-59f4-4930-bbcc-ce4245b001bc,UR,Dropoff,33.872711,-117.958599,E-1.3J
RouteID_1d6a4033-59f4-4930-bbcc-ce4245b001bc,US,Dropoff,33.874939,-117.94878,E-1.1H
RouteID_1d6a4033-59f4-4930-bbcc-ce4245b001bc,UV,Dropoff,33.871164,-117.953381,E-1.1J
RouteID_1d6a4033-59f4-4930-bbcc-ce4245b001bc,VD,Dropoff,33.87334,-117.948857,E-1.1H
RouteID_1d6a4033-59f4-4930-bbcc-ce4245b001bc,VH,Dropoff,33.873299,-117.947782,E-1.1H
RouteID_1d6a4033-59f4-4930-bbcc-ce4245b001bc,VI,Dropoff,33.870185,-117.94692,E-2.1J
RouteID_1d6a4033-59f4-4930-bbcc-ce4245b001bc,VN,Dropoff,33.871457,-117.953373,E-1.1J
RouteID_1d6a4033-59f4-4930-bbcc-ce4245b001bc,VO,Dropoff,33.874449,-117.93454,E-1.3E
RouteID_1d6a4033-59f4-4930-bbcc-ce4245b001bc,VP,Dropoff,33.871132,-117.943687,E-2.1J
RouteID_1d6a4033-59f4-4930-bbcc-ce4245b001bc,WB,Dropoff,33.880925,-117.930189,E-1.2D
RouteID_1d6a4033-59f4-4930-bbcc-ce4245b001bc,WC,Dropoff,33.882512,-117.93323,E-1.3C
RouteID_1d6a4033-59f4-4930-bbcc-ce4245b001bc,WF,Dropoff,33.87398,-117.958462,E-1.3J
RouteID_1d6a4033-59f4-4930-bbcc-ce4245b001bc,WR,Dropoff,33.878556,-117.925854,E-1.1D
RouteID_1d6a4033-59f4-4930-bbcc-ce4245b001bc,WT,Dropoff,33.871879,-117.937531,E-2.3H
RouteID_1d6a4033-59f4-4930-bbcc-ce4245b001bc,XI,Dropoff,33.871074,-117.950446,E-1.2H
RouteID_1d6a4033-59f4-4930-bbcc-ce4245b001bc,XM,Dropoff,33.870199,-117.94482,E-2.1J
RouteID_1d6a4033-59f4-4930-bbcc-ce4245b001bc,XR,Dropoff,33.876191,-117.941984,E-1.2G
RouteID_1d6a4033-59f4-4930-bbcc-ce4245b001bc,XV,Dropoff,33.871951,-117.950676,E-1.2H
RouteID_1d6a4033-59f4-4930-bbcc-ce4245b001bc,YG,Dropoff,33.874443,-117.956566,nan
RouteID_1d6a4033-59f4-4930-bbcc-ce4245b001bc,YI,Dropoff,33.870172,-117.94892,E-1.1J
RouteID_1d6a4033-59f4-4930-bbcc-ce4245b001bc,YJ,Dropoff,33.886558,-117.934078,E-1.3C
RouteID_1d6a4033-59f4-4930-bbcc-ce4245b001bc,YK,Dropoff,33.875303,-117.953795,E-1.3H
RouteID_1d6a4033-59f4-4930-bbcc-ce4245b001bc,YP,Dropoff,33.879488,-117.935681,E-1.1C
RouteID_1d6a4033-59f4-4930-bbcc-ce4245b001bc,YS,Dropoff,33.881134,-117.937091,E-1.2C
RouteID_1d6a4033-59f4-4930-bbcc-ce4245b001bc,YU,Dropoff,33.872442,-117.951774,E-1.2H
RouteID_1d6a4033-59f4-4930-bbcc-ce4245b001bc,YV,Dropoff,33.872079,-117.955141,E-1.2J
RouteID_1d6a4033-59f4-4930-bbcc-ce4245b001bc,ZB,Dropoff,33.880251,-117.938346,E-1.1B
RouteID_1d6a4033-59f4-4930-bbcc-ce4245b001bc,ZI,Dropoff,33.87628,-117.949657,E-1.1G
RouteID_1d6a4033-59f4-4930-bbcc-ce4245b001bc,ZK,Dropoff,33.875438,-117.926756,E-1.1E
RouteID_1d6a4033-59f4-4930-bbcc-ce4245b001bc,ZL,Dropoff,33.876811,-117.933265,E-1.2E
RouteID_1d6a4033-59f4-4930-bbcc-ce4245b001bc,ZM,Dropoff,33.880342,-117.928709,E-1.2D
RouteID_1d6a4033-59f4-4930-bbcc-ce4245b001bc,ZR,Dropoff,33.875382,-117.936938,E-1.3G
RouteID_1d6a4033-59f4-4930-bbcc-ce4245b001bc,ZT,Dropoff,33.877754,-117.941031,E-1.1B
RouteID_1dc8b0f4-66fa-4251-b56c-17a225588c0b,AT,Dropoff,34.095094,-118.351735,M-10.3A
RouteID_1dc8b0f4-66fa-4251-b56c-17a225588c0b,BF,Dropoff,34.099157,-118.350038,M-10.3D
RouteID_1dc8b0f4-66fa-4251-b56c-17a225588c0b,BI,Dropoff,34.094394,-118.352041,M-10.3A
RouteID_1dc8b0f4-66fa-4251-b56c-17a225588c0b,BL,Dropoff,34.100293,-118.350171,M-10.2D
RouteID_1dc8b0f4-66fa-4251-b56c-17a225588c0b,BQ,Dropoff,34.095246,-118.352826,M-10.2A
RouteID_1dc8b0f4-66fa-4251-b56c-17a225588c0b,CM,Dropoff,34.10027,-118.348956,M-10.1D
RouteID_1dc8b0f4-66fa-4251-b56c-17a225588c0b,CO,Dropoff,34.094016,-118.350116,M-10.1C
RouteID_1dc8b0f4-66fa-4251-b56c-17a225588c0b,CX,Station,34.007369,-118.143927,nan
RouteID_1dc8b0f4-66fa-4251-b56c-17a225588c0b,DB,Dropoff,34.094378,-118.351467,M-10.3A
RouteID_1dc8b0f4-66fa-4251-b56c-17a225588c0b,EE,Dropoff,34.093376,-118.351788,M-10.3A
RouteID_1dc8b0f4-66fa-4251-b56c-17a225588c0b,EO,Dropoff,34.095317,-118.352828,M-10.2A
RouteID_1dc8b0f4-66fa-4251-b56c-17a225588c0b,EQ,Dropoff,34.09734,-118.349565,M-10.3C
RouteID_1dc8b0f4-66fa-4251-b56c-17a225588c0b,ET,Dropoff,34.10027,-118.348956,M-10.1D
RouteID_1dc8b0f4-66fa-4251-b56c-17a225588c0b,FI,Dropoff,34.096103,-118.351739,M-10.3B
RouteID_1dc8b0f4-66fa-4251-b56c-17a225588c0b,FM,Dropoff,34.097055,-118.350666,M-10.2B
RouteID_1dc8b0f4-66fa-4251-b56c-17a225588c0b,FO,Dropoff,34.10058,-118.352876,M-10.2B
RouteID_1dc8b0f4-66fa-4251-b56c-17a225588c0b,FV,Dropoff,34.095213,-118.349547,M-10.2C
RouteID_1dc8b0f4-66fa-4251-b56c-17a225588c0b,GB,Dropoff,34.096637,-118.349558,M-10.3C
RouteID_1dc8b0f4-66fa-4251-b56c-17a225588c0b,GL,Dropoff,34.099814,-118.349427,M-10.2D
RouteID_1dc8b0f4-66fa-4251-b56c-17a225588c0b,GN,Dropoff,34.097242,-118.349565,M-10.3C
RouteID_1dc8b0f4-66fa-4251-b56c-17a225588c0b,GW,Dropoff,34.099092,-118.350039,M-10.3D
RouteID_1dc8b0f4-66fa-4251-b56c-17a225588c0b,HE,Dropoff,34.10027,-118.348958,M-10.1D
RouteID_1dc8b0f4-66fa-4251-b56c-17a225588c0b,JT,Dropoff,34.093366,-118.350115,M-10.1C
RouteID_1dc8b0f4-66fa-4251-b56c-17a225588c0b,KY,Dropoff,34.101006,-118.350169,M-10.2D
RouteID_1dc8b0f4-66fa-4251-b56c-17a225588c0b,LO,Dropoff,34.099171,-118.350036,M-10.3D
RouteID_1dc8b0f4-66fa-4251-b56c-17a225588c0b,LQ,Dropoff,34.09982,-118.349811,M-10.2D
RouteID_1dc8b0f4-66fa-4251-b56c-17a225588c0b,MW,Dropoff,34.097208,-118.352846,M-10.2A
RouteID_1dc8b0f4-66fa-4251-b56c-17a225588c0b,ND,Dropoff,34.095043,-118.350655,M-10.1C
RouteID_1dc8b0f4-66fa-4251-b56c-17a225588c0b,NR,Dropoff,34.097241,-118.351749,M-10.3B
RouteID_1dc8b0f4-66fa-4251-b56c-17a225588c0b,OJ,Dropoff,34.099825,-118.349356,M-10.2D
RouteID_1dc8b0f4-66fa-4251-b56c-17a225588c0b,OP,Dropoff,34.09436,-118.348972,M-10.2C
RouteID_1dc8b0f4-66fa-4251-b56c-17a225588c0b,PC,Dropoff,34.098649,-118.351013,M-10.2B
RouteID_1dc8b0f4-66fa-4251-b56c-17a225588c0b,PE,Dropoff,34.099442,-118.350034,M-10.3D
RouteID_1dc8b0f4-66fa-4251-b56c-17a225588c0b,PJ,Dropoff,34.096251,-118.350659,M-10.1B
RouteID_1dc8b0f4-66fa-4251-b56c-17a225588c0b,PL,Dropoff,34.096531,-118.351741,M-10.3B
RouteID_1dc8b0f4-66fa-4251-b56c-17a225588c0b,PT,Dropoff,34.097186,-118.349564,M-10.3C
RouteID_1dc8b0f4-66fa-4251-b56c-17a225588c0b,QU,Dropoff,34.096719,-118.35284,M-10.2A
RouteID_1dc8b0f4-66fa-4251-b56c-17a225588c0b,QW,Dropoff,34.092654,-118.350109,M-10.1C
RouteID_1dc8b0f4-66fa-4251-b56c-17a225588c0b,QY,Dropoff,34.095825,-118.352829,M-10.2A
RouteID_1dc8b0f4-66fa-4251-b56c-17a225588c0b,RE,Dropoff,34.097491,-118.35275,M-10.2B
RouteID_1dc8b0f4-66fa-4251-b56c-17a225588c0b,RP,Dropoff,34.099387,-118.350035,M-10.3D
RouteID_1dc8b0f4-66fa-4251-b56c-17a225588c0b,RQ,Dropoff,34.095052,-118.352825,M-10.2A
RouteID_1dc8b0f4-66fa-4251-b56c-17a225588c0b,SE,Dropoff,34.096973,-118.349559,M-10.3C
RouteID_1dc8b0f4-66fa-4251-b56c-17a225588c0b,SK,Dropoff,34.099815,-118.349525,M-10.2D
RouteID_1dc8b0f4-66fa-4251-b56c-17a225588c0b,SL,Dropoff,34.098623,-118.350044,M-10.3D
RouteID_1dc8b0f4-66fa-4251-b56c-17a225588c0b,SN,Dropoff,34.101296,-118.352871,M-10.2B
RouteID_1dc8b0f4-66fa-4251-b56c-17a225588c0b,TE,Dropoff,34.096229,-118.349553,M-10.3C
RouteID_1dc8b0f4-66fa-4251-b56c-17a225588c0b,TO,Dropoff,34.095436,-118.349546,M-10.2C
RouteID_1dc8b0f4-66fa-4251-b56c-17a225588c0b,TV,Dropoff,34.097782,-118.350669,M-10.2B
RouteID_1dc8b0f4-66fa-4251-b56c-17a225588c0b,UP,Dropoff,34.100258,-118.352879,M-10.2B
RouteID_1dc8b0f4-66fa-4251-b56c-17a225588c0b,VI,Dropoff,34.093963,-118.351735,M-10.3A
RouteID_1dc8b0f4-66fa-4251-b56c-17a225588c0b,VU,Dropoff,34.094901,-118.349545,M-10.2C
RouteID_1dc8b0f4-66fa-4251-b56c-17a225588c0b,WD,Dropoff,34.096139,-118.349554,M-10.2C
RouteID_1dc8b0f4-66fa-4251-b56c-17a225588c0b,XN,Dropoff,34.09529,-118.350653,M-10.1C
RouteID_1dc8b0f4-66fa-4251-b56c-17a225588c0b,XU,Dropoff,34.09919,-118.350036,M-10.3D
RouteID_1dc8b0f4-66fa-4251-b56c-17a225588c0b,YT,Dropoff,34.099351,-118.350999,M-10.2B
RouteID_1dc8b0f4-66fa-4251-b56c-17a225588c0b,ZR,Dropoff,34.099132,-118.349978,M-10.3D
RouteID_1dc8b0f4-66fa-4251-b56c-17a225588c0b,ZY,Dropoff,34.094617,-118.352823,M-10.2A
