Destination;Lat1;Lon1
P1;-23,43112396;-46,34915842
P2;-23,43112396;-46,34525484
P3;-23,43112396;-46,34135126
P4;-23,43112396;-46,33744768
P5;-23,43112396;-46,3335441
P6;-23,43112396;-46,32964051
P7;-23,43112396;-46,32573693
P8;-23,43112396;-46,32183335
P9;-23,43112396;-46,31792977
P10;-23,43112396;-46,31402619
P11;-23,43112396;-46,31012261
P12;-23,43112396;-46,30621902
P13;-23,43112396;-46,30231544
P14;-23,43112396;-46,29841186
P15;-23,43112396;-46,29450828
P16;-23,43112396;-46,2906047
P17;-23,43112396;-46,28670112
P18;-23,43112396;-46,28279754
P19;-23,43112396;-46,27889395
P20;-23,43112396;-46,27499037
P21;-23,43112396;-46,27108679
P22;-23,43112396;-46,353062
P23;-23,43112396;-46,26718321
P24;-23,43112396;-46,36086917
P25;-23,43112396;-46,35696558
P26;-23,43112396;-46,26327963
P27;-23,43112396;-46,25937605
P28;-23,43112396;-46,36477275
P29;-23,43112396;-46,25547246
P30;-23,43112396;-46,36867633
P31;-23,43112396;-46,25156888
P32;-23,43112396;-46,37257991
P33;-23,43112396;-46,2476653
P34;-23,43112396;-46,37648349
P35;-23,43112396;-46,24376172
P36;-23,42722038;-46,34915842
P37;-23,42722038;-46,34525484
P38;-23,42722038;-46,34135126
P39;-23,42722038;-46,33744768
P40;-23,42722038;-46,3335441
P41;-23,42722038;-46,32964051
P42;-23,42722038;-46,32573693
P43;-23,42722038;-46,32183335
P44;-23,42722038;-46,31792977
P45;-23,42722038;-46,31402619
P46;-23,42722038;-46,31012261
P47;-23,42722038;-46,30621902
P48;-23,42722038;-46,30231544
P49;-23,42722038;-46,29841186
P50;-23,42722038;-46,29450828
P51;-23,42722038;-46,2906047
P52;-23,42722038;-46,28670112
P53;-23,42722038;-46,28279754
P54;-23,42722038;-46,27889395
P55;-23,42722038;-46,27499037
P56;-23,42722038;-46,27108679
P57;-23,42722038;-46,353062
P58;-23,42722038;-46,26718321
P59;-23,42722038;-46,36086917
P60;-23,42722038;-46,35696558
P61;-23,42722038;-46,26327963
P62;-23,42722038;-46,25937605
P63;-23,42722038;-46,36477275
P64;-23,42722038;-46,25547246
P65;-23,42722038;-46,36867633
P66;-23,42722038;-46,25156888
P67;-23,42722038;-46,37257991
P68;-23,42722038;-46,2476653
P69;-23,42722038;-46,37648349
P70;-23,42722038;-46,24376172
P71;-23,42722038;-46,38038707
P72;-23,42722038;-46,23985814
P73;-23,4233168;-46,34915842
P74;-23,4233168;-46,34525484
P75;-23,4233168;-46,34135126
P76;-23,4233168;-46,33744768
P77;-23,4233168;-46,3335441
P78;-23,4233168;-46,32964051
P79;-23,4233168;-46,32573693
P80;-23,4233168;-46,32183335
P81;-23,4233168;-46,31792977
P82;-23,4233168;-46,31402619
P83;-23,4233168;-46,31012261
P84;-23,4233168;-46,30621902
P85;-23,4233168;-46,30231544
P86;-23,4233168;-46,29841186
P87;-23,4233168;-46,29450828
P88;-23,4233168;-46,2906047
P89;-23,4233168;-46,28670112
P90;-23,4233168;-46,28279754
P91;-23,4233168;-46,27889395
P92;-23,4233168;-46,27499037
P93;-23,4233168;-46,27108679
P94;-23,4233168;-46,353062
P95;-23,4233168;-46,26718321
P96;-23,4233168;-46,36086917
P97;-23,4233168;-46,35696558
P98;-23,4233168;-46,26327963
P99;-23,4233168;-46,25937605
P100;-23,4233168;-46,36477275
P101;-23,4233168;-46,25547246
P102;-23,4233168;-46,36867633
P103;-23,4233168;-46,25156888
P104;-23,4233168;-46,37257991
P105;-23,4233168;-46,2476653
P106;-23,4233168;-46,37648349
P107;-23,4233168;-46,24376172
P108;-23,4233168;-46,38038707
P109;-23,4233168;-46,23985814
P110;-23,41941322;-46,34915842
P111;-23,41941322;-46,34525484
P112;-23,41941322;-46,34135126
P113;-23,41941322;-46,33744768
P114;-23,41941322;-46,3335441
P115;-23,41941322;-46,32964051
P116;-23,41941322;-46,32573693
P117;-23,41941322;-46,32183335
P118;-23,41941322;-46,31792977
P119;-23,41941322;-46,31402619
P120;-23,41941322;-46,31012261
P121;-23,41941322;-46,30621902
P122;-23,41941322;-46,30231544
P123;-23,41941322;-46,29841186
P124;-23,41941322;-46,29450828
P125;-23,41941322;-46,2906047
P126;-23,41941322;-46,28670112
P127;-23,41941322;-46,28279754
P128;-23,41941322;-46,27889395
P129;-23,41941322;-46,27499037
P130;-23,41941322;-46,27108679
P131;-23,41941322;-46,353062
P132;-23,41941322;-46,26718321
P133;-23,41941322;-46,36086917
P134;-23,41941322;-46,35696558
P135;-23,41941322;-46,26327963
P136;-23,41941322;-46,25937605
P137;-23,41941322;-46,36477275
P138;-23,41941322;-46,25547246
P139;-23,41941322;-46,36867633
P140;-23,41941322;-46,25156888
P141;-23,41941322;-46,37257991
P142;-23,41941322;-46,2476653
P143;-23,41941322;-46,37648349
P144;-23,41941322;-46,24376172
P145;-23,41941322;-46,38038707
P146;-23,41941322;-46,23985814
P147;-23,41550963;-46,34915842
P148;-23,41550963;-46,34525484
P149;-23,41550963;-46,34135126
P150;-23,41550963;-46,33744768
P151;-23,41550963;-46,3335441
P152;-23,41550963;-46,32964051
P153;-23,41550963;-46,32573693
P154;-23,41550963;-46,32183335
P155;-23,41550963;-46,31792977
P156;-23,41550963;-46,31402619
P157;-23,41550963;-46,31012261
P158;-23,41550963;-46,30621902
P159;-23,41550963;-46,30231544
P160;-23,41550963;-46,29841186
P161;-23,41550963;-46,29450828
P162;-23,41550963;-46,2906047
P163;-23,41550963;-46,28670112
P164;-23,41550963;-46,28279754
P165;-23,41550963;-46,27889395
P166;-23,41550963;-46,27499037
P167;-23,41550963;-46,27108679
P168;-23,41550963;-46,353062
P169;-23,41550963;-46,26718321
P170;-23,41550963;-46,36086917
P171;-23,41550963;-46,35696558
P172;-23,41550963;-46,26327963
P173;-23,41550963;-46,25937605
P174;-23,41550963;-46,36477275
P175;-23,41550963;-46,25547246
P176;-23,41550963;-46,36867633
P177;-23,41550963;-46,25156888
P178;-23,41550963;-46,37257991
P179;-23,41550963;-46,2476653
P180;-23,41550963;-46,37648349
P181;-23,41550963;-46,24376172
P182;-23,41550963;-46,38038707
P183;-23,41550963;-46,23985814
P184;-23,41550963;-46,38429066
P185;-23,41550963;-46,23595456
P186;-23,41160605;-46,34915842
P187;-23,41160605;-46,34525484
P188;-23,41160605;-46,34135126
P189;-23,41160605;-46,33744768
P190;-23,41160605;-46,3335441
P191;-23,41160605;-46,32964051
P192;-23,41160605;-46,32573693
P193;-23,41160605;-46,32183335
P194;-23,41160605;-46,31792977
P195;-23,41160605;-46,31402619
P196;-23,41160605;-46,31012261
P197;-23,41160605;-46,30621902
P198;-23,41160605;-46,30231544
P199;-23,41160605;-46,29841186
P200;-23,41160605;-46,29450828
P201;-23,41160605;-46,2906047
P202;-23,41160605;-46,28670112
P203;-23,41160605;-46,28279754
P204;-23,41160605;-46,27889395
P205;-23,41160605;-46,27499037
P206;-23,41160605;-46,27108679
P207;-23,41160605;-46,353062
P208;-23,41160605;-46,26718321
P209;-23,41160605;-46,36086917
P210;-23,41160605;-46,35696558
P211;-23,41160605;-46,26327963
P212;-23,41160605;-46,25937605
P213;-23,41160605;-46,36477275
P214;-23,41160605;-46,25547246
P215;-23,41160605;-46,36867633
P216;-23,41160605;-46,25156888
P217;-23,41160605;-46,37257991
P218;-23,41160605;-46,2476653
P219;-23,41160605;-46,37648349
P220;-23,41160605;-46,24376172
P221;-23,41160605;-46,38038707
P222;-23,41160605;-46,23985814
P223;-23,41160605;-46,38429066
P224;-23,41160605;-46,23595456
P225;-23,40770247;-46,34915842
P226;-23,40770247;-46,34525484
P227;-23,40770247;-46,34135126
P228;-23,40770247;-46,33744768
P229;-23,40770247;-46,3335441
P230;-23,40770247;-46,32964051
P231;-23,40770247;-46,32573693
P232;-23,40770247;-46,32183335
P233;-23,40770247;-46,31792977
P234;-23,40770247;-46,31402619
P235;-23,40770247;-46,31012261
P236;-23,40770247;-46,30621902
P237;-23,40770247;-46,30231544
P238;-23,40770247;-46,29841186
P239;-23,40770247;-46,29450828
P240;-23,40770247;-46,2906047
P241;-23,40770247;-46,28670112
P242;-23,40770247;-46,28279754
P243;-23,40770247;-46,27889395
P244;-23,40770247;-46,27499037
P245;-23,40770247;-46,27108679
P246;-23,40770247;-46,353062
P247;-23,40770247;-46,26718321
P248;-23,40770247;-46,36086917
P249;-23,40770247;-46,35696558
P250;-23,40770247;-46,26327963
P251;-23,40770247;-46,25937605
P252;-23,40770247;-46,36477275
P253;-23,40770247;-46,25547246
P254;-23,40770247;-46,36867633
P255;-23,40770247;-46,25156888
P256;-23,40770247;-46,37257991
P257;-23,40770247;-46,2476653
P258;-23,40770247;-46,37648349
P259;-23,40770247;-46,24376172
P260;-23,40770247;-46,38038707
P261;-23,40770247;-46,23985814
P262;-23,40770247;-46,38429066
P263;-23,40770247;-46,23595456
P264;-23,40379889;-46,34915842
P265;-23,40379889;-46,34525484
P266;-23,40379889;-46,34135126
P267;-23,40379889;-46,33744768
P268;-23,40379889;-46,3335441
P269;-23,40379889;-46,32964051
P270;-23,40379889;-46,32573693
P271;-23,40379889;-46,32183335
P272;-23,40379889;-46,31792977
P273;-23,40379889;-46,31402619
P274;-23,40379889;-46,31012261
P275;-23,40379889;-46,30621902
P276;-23,40379889;-46,30231544
P277;-23,40379889;-46,29841186
P278;-23,40379889;-46,29450828
P279;-23,40379889;-46,2906047
P280;-23,40379889;-46,28670112
P281;-23,40379889;-46,28279754
P282;-23,40379889;-46,27889395
P283;-23,40379889;-46,27499037
P284;-23,40379889;-46,27108679
P285;-23,40379889;-46,353062
P286;-23,40379889;-46,26718321
P287;-23,40379889;-46,36086917
P288;-23,40379889;-46,35696558
P289;-23,40379889;-46,26327963
P290;-23,40379889;-46,25937605
P291;-23,40379889;-46,36477275
P292;-23,40379889;-46,25547246
P293;-23,40379889;-46,36867633
P294;-23,40379889;-46,25156888
P295;-23,40379889;-46,37257991
P296;-23,40379889;-46,2476653
P297;-23,40379889;-46,37648349
P298;-23,40379889;-46,24376172
P299;-23,40379889;-46,38038707
P300;-23,40379889;-46,23985814
P301;-23,40379889;-46,38429066
P302;-23,40379889;-46,23595456
P303;-23,39989531;-46,34915842
P304;-23,39989531;-46,34525484
P305;-23,39989531;-46,34135126
P306;-23,39989531;-46,33744768
P307;-23,39989531;-46,3335441
P308;-23,39989531;-46,32964051
P309;-23,39989531;-46,32573693
P310;-23,39989531;-46,32183335
P311;-23,39989531;-46,31792977
P312;-23,39989531;-46,31402619
P313;-23,39989531;-46,31012261
P314;-23,39989531;-46,30621902
P315;-23,39989531;-46,30231544
P316;-23,39989531;-46,29841186
P317;-23,39989531;-46,29450828
P318;-23,39989531;-46,2906047
P319;-23,39989531;-46,28670112
P320;-23,39989531;-46,28279754
P321;-23,39989531;-46,27889395
P322;-23,39989531;-46,27499037
P323;-23,39989531;-46,27108679
P324;-23,39989531;-46,353062
P325;-23,39989531;-46,26718321
P326;-23,39989531;-46,36086917
P327;-23,39989531;-46,35696558
P328;-23,39989531;-46,26327963
P329;-23,39989531;-46,25937605
P330;-23,39989531;-46,36477275
P331;-23,39989531;-46,25547246
P332;-23,39989531;-46,36867633
P333;-23,39989531;-46,25156888
P334;-23,39989531;-46,37257991
P335;-23,39989531;-46,2476653
P336;-23,39989531;-46,37648349
P337;-23,39989531;-46,24376172
P338;-23,39989531;-46,38038707
P339;-23,39989531;-46,23985814
P340;-23,39989531;-46,38429066
P341;-23,39989531;-46,23595456
P342;-23,39989531;-46,38819424
P343;-23,39989531;-46,23205098
P344;-23,39599173;-46,34915842
P345;-23,39599173;-46,34525484
P346;-23,39599173;-46,34135126
P347;-23,39599173;-46,33744768
P348;-23,39599173;-46,3335441
P349;-23,39599173;-46,32964051
P350;-23,39599173;-46,32573693
P351;-23,39599173;-46,32183335
P352;-23,39599173;-46,31792977
P353;-23,39599173;-46,31402619
P354;-23,39599173;-46,31012261
P355;-23,39599173;-46,30621902
P356;-23,39599173;-46,30231544
P357;-23,39599173;-46,29841186
P358;-23,39599173;-46,29450828
P359;-23,39599173;-46,2906047
P360;-23,39599173;-46,28670112
P361;-23,39599173;-46,28279754
P362;-23,39599173;-46,27889395
P363;-23,39599173;-46,27499037
P364;-23,39599173;-46,27108679
P365;-23,39599173;-46,353062
P366;-23,39599173;-46,26718321
P367;-23,39599173;-46,36086917
P368;-23,39599173;-46,35696558
P369;-23,39599173;-46,26327963
P370;-23,39599173;-46,25937605
P371;-23,39599173;-46,36477275
P372;-23,39599173;-46,25547246
P373;-23,39599173;-46,36867633
P374;-23,39599173;-46,25156888
P375;-23,39599173;-46,37257991
P376;-23,39599173;-46,2476653
P377;-23,39599173;-46,37648349
P378;-23,39599173;-46,24376172
P379;-23,39599173;-46,38038707
P380;-23,39599173;-46,23985814
P381;-23,39599173;-46,38429066
P382;-23,39599173;-46,23595456
P383;-23,39599173;-46,38819424
P384;-23,39599173;-46,23205098
P385;-23,39208815;-46,34915842
P386;-23,39208815;-46,34525484
P387;-23,39208815;-46,34135126
P388;-23,39208815;-46,33744768
P389;-23,39208815;-46,3335441
P390;-23,39208815;-46,32964051
P391;-23,39208815;-46,32573693
P392;-23,39208815;-46,32183335
P393;-23,39208815;-46,31792977
P394;-23,39208815;-46,31402619
P395;-23,39208815;-46,31012261
P396;-23,39208815;-46,30621902
P397;-23,39208815;-46,30231544
P398;-23,39208815;-46,29841186
P399;-23,39208815;-46,29450828
P400;-23,39208815;-46,2906047
P401;-23,39208815;-46,28670112
P402;-23,39208815;-46,28279754
P403;-23,39208815;-46,27889395
P404;-23,39208815;-46,27499037
P405;-23,39208815;-46,27108679
P406;-23,39208815;-46,353062
P407;-23,39208815;-46,26718321
P408;-23,39208815;-46,36086917
P409;-23,39208815;-46,35696558
P410;-23,39208815;-46,26327963
P411;-23,39208815;-46,25937605
P412;-23,39208815;-46,36477275
P413;-23,39208815;-46,25547246
P414;-23,39208815;-46,36867633
P415;-23,39208815;-46,25156888
P416;-23,39208815;-46,37257991
P417;-23,39208815;-46,2476653
P418;-23,39208815;-46,37648349
P419;-23,39208815;-46,24376172
P420;-23,39208815;-46,38038707
P421;-23,39208815;-46,23985814
P422;-23,39208815;-46,38429066
P423;-23,39208815;-46,23595456
P424;-23,39208815;-46,38819424
P425;-23,39208815;-46,23205098
P426;-23,38818456;-46,34915842
P427;-23,38818456;-46,34525484
P428;-23,38818456;-46,34135126
P429;-23,38818456;-46,33744768
P430;-23,38818456;-46,3335441
P431;-23,38818456;-46,32964051
P432;-23,38818456;-46,32573693
P433;-23,38818456;-46,32183335
P434;-23,38818456;-46,31792977
P435;-23,38818456;-46,31402619
P436;-23,38818456;-46,31012261
P437;-23,38818456;-46,30621902
P438;-23,38818456;-46,30231544
P439;-23,38818456;-46,29841186
P440;-23,38818456;-46,29450828
P441;-23,38818456;-46,2906047
P442;-23,38818456;-46,28670112
P443;-23,38818456;-46,28279754
P444;-23,38818456;-46,27889395
P445;-23,38818456;-46,27499037
P446;-23,38818456;-46,27108679
P447;-23,38818456;-46,353062
P448;-23,38818456;-46,26718321
P449;-23,38818456;-46,36086917
P450;-23,38818456;-46,35696558
P451;-23,38818456;-46,26327963
P452;-23,38818456;-46,25937605
P453;-23,38818456;-46,36477275
P454;-23,38818456;-46,25547246
P455;-23,38818456;-46,36867633
P456;-23,38818456;-46,25156888
P457;-23,38818456;-46,37257991
P458;-23,38818456;-46,2476653
P459;-23,38818456;-46,37648349
P460;-23,38818456;-46,24376172
P461;-23,38818456;-46,38038707
P462;-23,38818456;-46,23985814
P463;-23,38818456;-46,38429066
P464;-23,38818456;-46,23595456
P465;-23,38428098;-46,34915842
P466;-23,38428098;-46,34525484
P467;-23,38428098;-46,34135126
P468;-23,38428098;-46,33744768
P469;-23,38428098;-46,3335441
P470;-23,38428098;-46,32964051
P471;-23,38428098;-46,32573693
P472;-23,38428098;-46,32183335
P473;-23,38428098;-46,31792977
P474;-23,38428098;-46,31402619
P475;-23,38428098;-46,31012261
P476;-23,38428098;-46,30621902
P477;-23,38428098;-46,30231544
P478;-23,38428098;-46,29841186
P479;-23,38428098;-46,29450828
P480;-23,38428098;-46,2906047
P481;-23,38428098;-46,28670112
P482;-23,38428098;-46,28279754
P483;-23,38428098;-46,27889395
P484;-23,38428098;-46,27499037
P485;-23,38428098;-46,27108679
P486;-23,38428098;-46,353062
P487;-23,38428098;-46,26718321
P488;-23,38428098;-46,36086917
P489;-23,38428098;-46,35696558
P490;-23,38428098;-46,26327963
P491;-23,38428098;-46,25937605
P492;-23,38428098;-46,36477275
P493;-23,38428098;-46,25547246
P494;-23,38428098;-46,36867633
P495;-23,38428098;-46,25156888
P496;-23,38428098;-46,37257991
P497;-23,38428098;-46,2476653
P498;-23,38428098;-46,37648349
P499;-23,38428098;-46,24376172
P500;-23,38428098;-46,38038707
P501;-23,38428098;-46,23985814
P502;-23,38428098;-46,38429066
P503;-23,38428098;-46,23595456
P504;-23,3803774;-46,34915842
P505;-23,3803774;-46,34525484
P506;-23,3803774;-46,34135126
P507;-23,3803774;-46,33744768
P508;-23,3803774;-46,3335441
P509;-23,3803774;-46,32964051
P510;-23,3803774;-46,32573693
P511;-23,3803774;-46,32183335
P512;-23,3803774;-46,31792977
P513;-23,3803774;-46,31402619
P514;-23,3803774;-46,31012261
P515;-23,3803774;-46,30621902
P516;-23,3803774;-46,30231544
P517;-23,3803774;-46,29841186
P518;-23,3803774;-46,29450828
P519;-23,3803774;-46,2906047
P520;-23,3803774;-46,28670112
P521;-23,3803774;-46,28279754
P522;-23,3803774;-46,27889395
P523;-23,3803774;-46,27499037
P524;-23,3803774;-46,27108679
P525;-23,3803774;-46,353062
P526;-23,3803774;-46,26718321
P527;-23,3803774;-46,36086917
P528;-23,3803774;-46,35696558
P529;-23,3803774;-46,26327963
P530;-23,3803774;-46,25937605
P531;-23,3803774;-46,36477275
P532;-23,3803774;-46,25547246
P533;-23,3803774;-46,36867633
P534;-23,3803774;-46,25156888
P535;-23,3803774;-46,37257991
P536;-23,3803774;-46,2476653
P537;-23,3803774;-46,37648349
P538;-23,3803774;-46,24376172
P539;-23,3803774;-46,38038707
P540;-23,3803774;-46,23985814
P541;-23,3803774;-46,38429066
P542;-23,3803774;-46,23595456
P543;-23,37647382;-46,34915842
P544;-23,37647382;-46,34525484
P545;-23,37647382;-46,34135126
P546;-23,37647382;-46,33744768
P547;-23,37647382;-46,3335441
P548;-23,37647382;-46,32964051
P549;-23,37647382;-46,32573693
P550;-23,37647382;-46,32183335
P551;-23,37647382;-46,31792977
P552;-23,37647382;-46,31402619
P553;-23,37647382;-46,31012261
P554;-23,37647382;-46,30621902
P555;-23,37647382;-46,30231544
P556;-23,37647382;-46,29841186
P557;-23,37647382;-46,29450828
P558;-23,37647382;-46,2906047
P559;-23,37647382;-46,28670112
P560;-23,37647382;-46,28279754
P561;-23,37647382;-46,27889395
P562;-23,37647382;-46,27499037
P563;-23,37647382;-46,27108679
P564;-23,37647382;-46,353062
P565;-23,37647382;-46,26718321
P566;-23,37647382;-46,36086917
P567;-23,37647382;-46,35696558
P568;-23,37647382;-46,26327963
P569;-23,37647382;-46,25937605
P570;-23,37647382;-46,36477275
P571;-23,37647382;-46,25547246
P572;-23,37647382;-46,36867633
P573;-23,37647382;-46,25156888
P574;-23,37647382;-46,37257991
P575;-23,37647382;-46,2476653
P576;-23,37647382;-46,37648349
P577;-23,37647382;-46,24376172
P578;-23,37647382;-46,38038707
P579;-23,37647382;-46,23985814
P580;-23,37647382;-46,38429066
P581;-23,37647382;-46,23595456
P582;-23,37257024;-46,34915842
P583;-23,37257024;-46,34525484
P584;-23,37257024;-46,34135126
P585;-23,37257024;-46,33744768
P586;-23,37257024;-46,3335441
P587;-23,37257024;-46,32964051
P588;-23,37257024;-46,32573693
P589;-23,37257024;-46,32183335
P590;-23,37257024;-46,31792977
P591;-23,37257024;-46,31402619
P592;-23,37257024;-46,31012261
P593;-23,37257024;-46,30621902
P594;-23,37257024;-46,30231544
P595;-23,37257024;-46,29841186
P596;-23,37257024;-46,29450828
P597;-23,37257024;-46,2906047
P598;-23,37257024;-46,28670112
P599;-23,37257024;-46,28279754
P600;-23,37257024;-46,27889395
P601;-23,37257024;-46,27499037
P602;-23,37257024;-46,27108679
P603;-23,37257024;-46,353062
P604;-23,37257024;-46,26718321
P605;-23,37257024;-46,36086917
P606;-23,37257024;-46,35696558
P607;-23,37257024;-46,26327963
P608;-23,37257024;-46,25937605
P609;-23,37257024;-46,36477275
P610;-23,37257024;-46,25547246
P611;-23,37257024;-46,36867633
P612;-23,37257024;-46,25156888
P613;-23,37257024;-46,37257991
P614;-23,37257024;-46,2476653
P615;-23,37257024;-46,37648349
P616;-23,37257024;-46,24376172
P617;-23,37257024;-46,38038707
P618;-23,37257024;-46,23985814
P619;-23,36866666;-46,34915842
P620;-23,36866666;-46,34525484
P621;-23,36866666;-46,34135126
P622;-23,36866666;-46,33744768
P623;-23,36866666;-46,3335441
P624;-23,36866666;-46,32964051
P625;-23,36866666;-46,32573693
P626;-23,36866666;-46,32183335
P627;-23,36866666;-46,31792977
P628;-23,36866666;-46,31402619
P629;-23,36866666;-46,31012261
P630;-23,36866666;-46,30621902
P631;-23,36866666;-46,30231544
P632;-23,36866666;-46,29841186
P633;-23,36866666;-46,29450828
P634;-23,36866666;-46,2906047
P635;-23,36866666;-46,28670112
P636;-23,36866666;-46,28279754
P637;-23,36866666;-46,27889395
P638;-23,36866666;-46,27499037
P639;-23,36866666;-46,27108679
P640;-23,36866666;-46,353062
P641;-23,36866666;-46,26718321
P642;-23,36866666;-46,36086917
P643;-23,36866666;-46,35696558
P644;-23,36866666;-46,26327963
P645;-23,36866666;-46,25937605
P646;-23,36866666;-46,36477275
P647;-23,36866666;-46,25547246
P648;-23,36866666;-46,36867633
P649;-23,36866666;-46,25156888
P650;-23,36866666;-46,37257991
P651;-23,36866666;-46,2476653
P652;-23,36866666;-46,37648349
P653;-23,36866666;-46,24376172
P654;-23,36866666;-46,38038707
P655;-23,36866666;-46,23985814
P656;-23,36476307;-46,34915842
P657;-23,36476307;-46,34525484
P658;-23,36476307;-46,34135126
P659;-23,36476307;-46,33744768
P660;-23,36476307;-46,3335441
P661;-23,36476307;-46,32964051
P662;-23,36476307;-46,32573693
P663;-23,36476307;-46,32183335
P664;-23,36476307;-46,31792977
P665;-23,36476307;-46,31402619
P666;-23,36476307;-46,31012261
P667;-23,36476307;-46,30621902
P668;-23,36476307;-46,30231544
P669;-23,36476307;-46,29841186
P670;-23,36476307;-46,29450828
P671;-23,36476307;-46,2906047
P672;-23,36476307;-46,28670112
P673;-23,36476307;-46,28279754
P674;-23,36476307;-46,27889395
P675;-23,36476307;-46,27499037
P676;-23,36476307;-46,27108679
P677;-23,36476307;-46,353062
P678;-23,36476307;-46,26718321
P679;-23,36476307;-46,36086917
P680;-23,36476307;-46,35696558
P681;-23,36476307;-46,26327963
P682;-23,36476307;-46,25937605
P683;-23,36476307;-46,36477275
P684;-23,36476307;-46,25547246
P685;-23,36476307;-46,36867633
P686;-23,36476307;-46,25156888
P687;-23,36476307;-46,37257991
P688;-23,36476307;-46,2476653
P689;-23,36476307;-46,37648349
P690;-23,36476307;-46,24376172
P691;-23,36476307;-46,38038707
P692;-23,36476307;-46,23985814
P693;-23,36085949;-46,34915842
P694;-23,36085949;-46,34525484
P695;-23,36085949;-46,34135126
P696;-23,36085949;-46,33744768
P697;-23,36085949;-46,3335441
P698;-23,36085949;-46,32964051
P699;-23,36085949;-46,32573693
P700;-23,36085949;-46,32183335
P701;-23,36085949;-46,31792977
P702;-23,36085949;-46,31402619
P703;-23,36085949;-46,31012261
P704;-23,36085949;-46,30621902
P705;-23,36085949;-46,30231544
P706;-23,36085949;-46,29841186
P707;-23,36085949;-46,29450828
P708;-23,36085949;-46,2906047
P709;-23,36085949;-46,28670112
P710;-23,36085949;-46,28279754
P711;-23,36085949;-46,27889395
P712;-23,36085949;-46,27499037
P713;-23,36085949;-46,27108679
P714;-23,36085949;-46,353062
P715;-23,36085949;-46,26718321
P716;-23,36085949;-46,36086917
P717;-23,36085949;-46,35696558
P718;-23,36085949;-46,26327963
P719;-23,36085949;-46,25937605
P720;-23,36085949;-46,36477275
P721;-23,36085949;-46,25547246
P722;-23,36085949;-46,36867633
P723;-23,36085949;-46,25156888
P724;-23,36085949;-46,37257991
P725;-23,36085949;-46,2476653
P726;-23,36085949;-46,37648349
P727;-23,36085949;-46,24376172
P728;-23,32572726;-46,32573693
P729;-23,32572726;-46,32183335
P730;-23,32572726;-46,31792977
P731;-23,32572726;-46,31402619
P732;-23,32572726;-46,31012261
P733;-23,32572726;-46,30621902
P734;-23,32572726;-46,30231544
P735;-23,32572726;-46,29841186
P736;-23,32572726;-46,29450828
P737;-23,32963084;-46,33744768
P738;-23,32963084;-46,3335441
P739;-23,32963084;-46,32964051
P740;-23,32963084;-46,32573693
P741;-23,32963084;-46,32183335
P742;-23,32963084;-46,31792977
P743;-23,32963084;-46,31402619
P744;-23,32963084;-46,31012261
P745;-23,32963084;-46,30621902
P746;-23,32963084;-46,30231544
P747;-23,32963084;-46,29841186
P748;-23,32963084;-46,29450828
P749;-23,32963084;-46,2906047
P750;-23,32963084;-46,28670112
P751;-23,32963084;-46,28279754
P752;-23,33353442;-46,34525484
P753;-23,33353442;-46,34135126
P754;-23,33353442;-46,33744768
P755;-23,33353442;-46,3335441
P756;-23,33353442;-46,32964051
P757;-23,33353442;-46,32573693
P758;-23,33353442;-46,32183335
P759;-23,33353442;-46,31792977
P760;-23,33353442;-46,31402619
P761;-23,33353442;-46,31012261
P762;-23,33353442;-46,30621902
P763;-23,33353442;-46,30231544
P764;-23,33353442;-46,29841186
P765;-23,33353442;-46,29450828
P766;-23,33353442;-46,2906047
P767;-23,33353442;-46,28670112
P768;-23,33353442;-46,28279754
P769;-23,33353442;-46,27889395
P770;-23,33353442;-46,27499037
P771;-23,337438;-46,34915842
P772;-23,337438;-46,34525484
P773;-23,337438;-46,34135126
P774;-23,337438;-46,33744768
P775;-23,337438;-46,3335441
P776;-23,337438;-46,32964051
P777;-23,337438;-46,32573693
P778;-23,337438;-46,32183335
P779;-23,337438;-46,31792977
P780;-23,337438;-46,31402619
P781;-23,337438;-46,31012261
P782;-23,337438;-46,30621902
P783;-23,337438;-46,30231544
P784;-23,337438;-46,29841186
P785;-23,337438;-46,29450828
P786;-23,337438;-46,2906047
P787;-23,337438;-46,28670112
P788;-23,337438;-46,28279754
P789;-23,337438;-46,27889395
P790;-23,337438;-46,27499037
P791;-23,337438;-46,27108679
P792;-23,337438;-46,353062
P793;-23,337438;-46,26718321
P794;-23,34134159;-46,34915842
P795;-23,34134159;-46,34525484
P796;-23,34134159;-46,34135126
P797;-23,34134159;-46,33744768
P798;-23,34134159;-46,3335441
P799;-23,34134159;-46,32964051
P800;-23,34134159;-46,32573693
P801;-23,34134159;-46,32183335
P802;-23,34134159;-46,31792977
P803;-23,34134159;-46,31402619
P804;-23,34134159;-46,31012261
P805;-23,34134159;-46,30621902
P806;-23,34134159;-46,30231544
P807;-23,34134159;-46,29841186
P808;-23,34134159;-46,29450828
P809;-23,34134159;-46,2906047
P810;-23,34134159;-46,28670112
P811;-23,34134159;-46,28279754
P812;-23,34134159;-46,27889395
P813;-23,34134159;-46,27499037
P814;-23,34134159;-46,27108679
P815;-23,34134159;-46,353062
P816;-23,34134159;-46,26718321
P817;-23,34134159;-46,36086917
P818;-23,34134159;-46,35696558
P819;-23,34134159;-46,26327963
P820;-23,34134159;-46,25937605
P821;-23,34524517;-46,34915842
P822;-23,34524517;-46,34525484
P823;-23,34524517;-46,34135126
P824;-23,34524517;-46,33744768
P825;-23,34524517;-46,3335441
P826;-23,34524517;-46,32964051
P827;-23,34524517;-46,32573693
P828;-23,34524517;-46,32183335
P829;-23,34524517;-46,31792977
P830;-23,34524517;-46,31402619
P831;-23,34524517;-46,31012261
P832;-23,34524517;-46,30621902
P833;-23,34524517;-46,30231544
P834;-23,34524517;-46,29841186
P835;-23,34524517;-46,29450828
P836;-23,34524517;-46,2906047
P837;-23,34524517;-46,28670112
P838;-23,34524517;-46,28279754
P839;-23,34524517;-46,27889395
P840;-23,34524517;-46,27499037
P841;-23,34524517;-46,27108679
P842;-23,34524517;-46,353062
P843;-23,34524517;-46,26718321
P844;-23,34524517;-46,36086917
P845;-23,34524517;-46,35696558
P846;-23,34524517;-46,26327963
P847;-23,34524517;-46,25937605
P848;-23,34524517;-46,36477275
P849;-23,34524517;-46,25547246
P850;-23,34914875;-46,34915842
P851;-23,34914875;-46,34525484
P852;-23,34914875;-46,34135126
P853;-23,34914875;-46,33744768
P854;-23,34914875;-46,3335441
P855;-23,34914875;-46,32964051
P856;-23,34914875;-46,32573693
P857;-23,34914875;-46,32183335
P858;-23,34914875;-46,31792977
P859;-23,34914875;-46,31402619
P860;-23,34914875;-46,31012261
P861;-23,34914875;-46,30621902
P862;-23,34914875;-46,30231544
P863;-23,34914875;-46,29841186
P864;-23,34914875;-46,29450828
P865;-23,34914875;-46,2906047
P866;-23,34914875;-46,28670112
P867;-23,34914875;-46,28279754
P868;-23,34914875;-46,27889395
P869;-23,34914875;-46,27499037
P870;-23,34914875;-46,27108679
P871;-23,34914875;-46,353062
P872;-23,34914875;-46,26718321
P873;-23,34914875;-46,36086917
P874;-23,34914875;-46,35696558
P875;-23,34914875;-46,26327963
P876;-23,34914875;-46,25937605
P877;-23,34914875;-46,36477275
P878;-23,34914875;-46,25547246
P879;-23,34914875;-46,36867633
P880;-23,34914875;-46,25156888
P881;-23,35305233;-46,34915842
P882;-23,35305233;-46,34525484
P883;-23,35305233;-46,34135126
P884;-23,35305233;-46,33744768
P885;-23,35305233;-46,3335441
P886;-23,35305233;-46,32964051
P887;-23,35305233;-46,32573693
P888;-23,35305233;-46,32183335
P889;-23,35305233;-46,31792977
P890;-23,35305233;-46,31402619
P891;-23,35305233;-46,31012261
P892;-23,35305233;-46,30621902
P893;-23,35305233;-46,30231544
P894;-23,35305233;-46,29841186
P895;-23,35305233;-46,29450828
P896;-23,35305233;-46,2906047
P897;-23,35305233;-46,28670112
P898;-23,35305233;-46,28279754
P899;-23,35305233;-46,27889395
P900;-23,35305233;-46,27499037
P901;-23,35305233;-46,27108679
P902;-23,35305233;-46,353062
P903;-23,35305233;-46,26718321
P904;-23,35305233;-46,36086917
P905;-23,35305233;-46,35696558
P906;-23,35305233;-46,26327963
P907;-23,35305233;-46,25937605
P908;-23,35305233;-46,36477275
P909;-23,35305233;-46,25547246
P910;-23,35305233;-46,36867633
P911;-23,35305233;-46,25156888
P912;-23,35305233;-46,37257991
P913;-23,35305233;-46,2476653
P914;-23,35695591;-46,34915842
P915;-23,35695591;-46,34525484
P916;-23,35695591;-46,34135126
P917;-23,35695591;-46,33744768
P918;-23,35695591;-46,3335441
P919;-23,35695591;-46,32964051
P920;-23,35695591;-46,32573693
P921;-23,35695591;-46,32183335
P922;-23,35695591;-46,31792977
P923;-23,35695591;-46,31402619
P924;-23,35695591;-46,31012261
P925;-23,35695591;-46,30621902
P926;-23,35695591;-46,30231544
P927;-23,35695591;-46,29841186
P928;-23,35695591;-46,29450828
P929;-23,35695591;-46,2906047
P930;-23,35695591;-46,28670112
P931;-23,35695591;-46,28279754
P932;-23,35695591;-46,27889395
P933;-23,35695591;-46,27499037
P934;-23,35695591;-46,27108679
P935;-23,35695591;-46,353062
P936;-23,35695591;-46,26718321
P937;-23,35695591;-46,36086917
P938;-23,35695591;-46,35696558
P939;-23,35695591;-46,26327963
P940;-23,35695591;-46,25937605
P941;-23,35695591;-46,36477275
P942;-23,35695591;-46,25547246
P943;-23,35695591;-46,36867633
P944;-23,35695591;-46,25156888
P945;-23,35695591;-46,37257991
P946;-23,35695591;-46,2476653
P947;-23,43502754;-46,34915842
P948;-23,43502754;-46,34525484
P949;-23,43502754;-46,34135126
P950;-23,43502754;-46,33744768
P951;-23,43502754;-46,3335441
P952;-23,43502754;-46,32964051
P953;-23,43502754;-46,32573693
P954;-23,43502754;-46,32183335
P955;-23,43502754;-46,31792977
P956;-23,43502754;-46,31402619
P957;-23,43502754;-46,31012261
P958;-23,43502754;-46,30621902
P959;-23,43502754;-46,30231544
P960;-23,43502754;-46,29841186
P961;-23,43502754;-46,29450828
P962;-23,43502754;-46,2906047
P963;-23,43502754;-46,28670112
P964;-23,43502754;-46,28279754
P965;-23,43502754;-46,27889395
P966;-23,43502754;-46,27499037
P967;-23,43502754;-46,27108679
P968;-23,43502754;-46,353062
P969;-23,43502754;-46,26718321
P970;-23,43502754;-46,36086917
P971;-23,43502754;-46,35696558
P972;-23,43502754;-46,26327963
P973;-23,43502754;-46,25937605
P974;-23,43502754;-46,36477275
P975;-23,43502754;-46,25547246
P976;-23,43502754;-46,36867633
P977;-23,43502754;-46,25156888
P978;-23,43502754;-46,37257991
P979;-23,43502754;-46,2476653
P980;-23,43893112;-46,34915842
P981;-23,43893112;-46,34525484
P982;-23,43893112;-46,34135126
P983;-23,43893112;-46,33744768
P984;-23,43893112;-46,3335441
P985;-23,43893112;-46,32964051
P986;-23,43893112;-46,32573693
P987;-23,43893112;-46,32183335
P988;-23,43893112;-46,31792977
P989;-23,43893112;-46,31402619
P990;-23,43893112;-46,31012261
P991;-23,43893112;-46,30621902
P992;-23,43893112;-46,30231544
P993;-23,43893112;-46,29841186
P994;-23,43893112;-46,29450828
P995;-23,43893112;-46,2906047
P996;-23,43893112;-46,28670112
P997;-23,43893112;-46,28279754
P998;-23,43893112;-46,27889395
P999;-23,43893112;-46,27499037
P1000;-23,43893112;-46,27108679
P1001;-23,43893112;-46,353062
P1002;-23,43893112;-46,26718321
P1003;-23,43893112;-46,36086917
P1004;-23,43893112;-46,35696558
P1005;-23,43893112;-46,26327963
P1006;-23,43893112;-46,25937605
P1007;-23,43893112;-46,36477275
P1008;-23,43893112;-46,25547246
P1009;-23,43893112;-46,36867633
P1010;-23,43893112;-46,25156888
P1011;-23,43893112;-46,37257991
P1012;-23,43893112;-46,2476653
P1013;-23,44283471;-46,34915842
P1014;-23,44283471;-46,34525484
P1015;-23,44283471;-46,34135126
P1016;-23,44283471;-46,33744768
P1017;-23,44283471;-46,3335441
P1018;-23,44283471;-46,32964051
P1019;-23,44283471;-46,32573693
P1020;-23,44283471;-46,32183335
P1021;-23,44283471;-46,31792977
P1022;-23,44283471;-46,31402619
P1023;-23,44283471;-46,31012261
P1024;-23,44283471;-46,30621902
P1025;-23,44283471;-46,30231544
P1026;-23,44283471;-46,29841186
P1027;-23,44283471;-46,29450828
P1028;-23,44283471;-46,2906047
P1029;-23,44283471;-46,28670112
P1030;-23,44283471;-46,28279754
P1031;-23,44283471;-46,27889395
P1032;-23,44283471;-46,27499037
P1033;-23,44283471;-46,27108679
P1034;-23,44283471;-46,353062
P1035;-23,44283471;-46,26718321
P1036;-23,44283471;-46,36086917
P1037;-23,44283471;-46,35696558
P1038;-23,44283471;-46,26327963
P1039;-23,44283471;-46,25937605
P1040;-23,44283471;-46,36477275
P1041;-23,44283471;-46,25547246
P1042;-23,44283471;-46,36867633
P1043;-23,44283471;-46,25156888
P1044;-23,44673829;-46,34915842
P1045;-23,44673829;-46,34525484
P1046;-23,44673829;-46,34135126
P1047;-23,44673829;-46,33744768
P1048;-23,44673829;-46,3335441
P1049;-23,44673829;-46,32964051
P1050;-23,44673829;-46,32573693
P1051;-23,44673829;-46,32183335
P1052;-23,44673829;-46,31792977
P1053;-23,44673829;-46,31402619
P1054;-23,44673829;-46,31012261
P1055;-23,44673829;-46,30621902
P1056;-23,44673829;-46,30231544
P1057;-23,44673829;-46,29841186
P1058;-23,44673829;-46,29450828
P1059;-23,44673829;-46,2906047
P1060;-23,44673829;-46,28670112
P1061;-23,44673829;-46,28279754
P1062;-23,44673829;-46,27889395
P1063;-23,44673829;-46,27499037
P1064;-23,44673829;-46,27108679
P1065;-23,44673829;-46,353062
P1066;-23,44673829;-46,26718321
P1067;-23,44673829;-46,36086917
P1068;-23,44673829;-46,35696558
P1069;-23,44673829;-46,26327963
P1070;-23,44673829;-46,25937605
P1071;-23,44673829;-46,36477275
P1072;-23,44673829;-46,25547246
P1073;-23,45064187;-46,34915842
P1074;-23,45064187;-46,34525484
P1075;-23,45064187;-46,34135126
P1076;-23,45064187;-46,33744768
P1077;-23,45064187;-46,3335441
P1078;-23,45064187;-46,32964051
P1079;-23,45064187;-46,32573693
P1080;-23,45064187;-46,32183335
P1081;-23,45064187;-46,31792977
P1082;-23,45064187;-46,31402619
P1083;-23,45064187;-46,31012261
P1084;-23,45064187;-46,30621902
P1085;-23,45064187;-46,30231544
P1086;-23,45064187;-46,29841186
P1087;-23,45064187;-46,29450828
P1088;-23,45064187;-46,2906047
P1089;-23,45064187;-46,28670112
P1090;-23,45064187;-46,28279754
P1091;-23,45064187;-46,27889395
P1092;-23,45064187;-46,27499037
P1093;-23,45064187;-46,27108679
P1094;-23,45064187;-46,353062
P1095;-23,45064187;-46,26718321
P1096;-23,45064187;-46,36086917
P1097;-23,45064187;-46,35696558
P1098;-23,45064187;-46,26327963
P1099;-23,45064187;-46,25937605
P1100;-23,45454545;-46,34915842
P1101;-23,45454545;-46,34525484
P1102;-23,45454545;-46,34135126
P1103;-23,45454545;-46,33744768
P1104;-23,45454545;-46,3335441
P1105;-23,45454545;-46,32964051
P1106;-23,45454545;-46,32573693
P1107;-23,45454545;-46,32183335
P1108;-23,45454545;-46,31792977
P1109;-23,45454545;-46,31402619
P1110;-23,45454545;-46,31012261
P1111;-23,45454545;-46,30621902
P1112;-23,45454545;-46,30231544
P1113;-23,45454545;-46,29841186
P1114;-23,45454545;-46,29450828
P1115;-23,45454545;-46,2906047
P1116;-23,45454545;-46,28670112
P1117;-23,45454545;-46,28279754
P1118;-23,45454545;-46,27889395
P1119;-23,45454545;-46,27499037
P1120;-23,45454545;-46,27108679
P1121;-23,45454545;-46,353062
P1122;-23,45454545;-46,26718321
P1123;-23,45844903;-46,34525484
P1124;-23,45844903;-46,34135126
P1125;-23,45844903;-46,33744768
P1126;-23,45844903;-46,3335441
P1127;-23,45844903;-46,32964051
P1128;-23,45844903;-46,32573693
P1129;-23,45844903;-46,32183335
P1130;-23,45844903;-46,31792977
P1131;-23,45844903;-46,31402619
P1132;-23,45844903;-46,31012261
P1133;-23,45844903;-46,30621902
P1134;-23,45844903;-46,30231544
P1135;-23,45844903;-46,29841186
P1136;-23,45844903;-46,29450828
P1137;-23,45844903;-46,2906047
P1138;-23,45844903;-46,28670112
P1139;-23,45844903;-46,28279754
P1140;-23,45844903;-46,27889395
P1141;-23,45844903;-46,27499037
P1142;-23,46235261;-46,33744768
P1143;-23,46235261;-46,3335441
P1144;-23,46235261;-46,32964051
P1145;-23,46235261;-46,32573693
P1146;-23,46235261;-46,32183335
P1147;-23,46235261;-46,31792977
P1148;-23,46235261;-46,31402619
P1149;-23,46235261;-46,31012261
P1150;-23,46235261;-46,30621902
P1151;-23,46235261;-46,30231544
P1152;-23,46235261;-46,29841186
P1153;-23,46235261;-46,29450828
P1154;-23,46235261;-46,2906047
P1155;-23,46235261;-46,28670112
P1156;-23,46235261;-46,28279754
P1157;-23,46625619;-46,32573693
P1158;-23,46625619;-46,32183335
P1159;-23,46625619;-46,31792977
P1160;-23,46625619;-46,31402619
P1161;-23,46625619;-46,31012261
P1162;-23,46625619;-46,30621902
P1163;-23,46625619;-46,30231544
P1164;-23,46625619;-46,29841186
P1165;-23,46625619;-46,29450828
